prodcut_name,price,reviews,date,url
        ACTIVNEW MEN'S SPORT SHOES       ,"
  Price: EGP299.00EGP299.00 







 





     All prices include VAT.     ","Customer Reviews4.0 out of 5 stars4 out of 5
            85 global ratings






            5 star
          












            
              50%
            
          







            4 star
          












            
              22%
            
          







            3 star
          












            
              16%
            
          







            2 star
          












            
              4%
            
          







            1 star
          












            
              8%
            
          







                How are ratings calculated?
            

                To calculate the overall star rating and percentage breakdown by star, we donâ€™t use a simple average. Instead, our system considers things like how recent a review is and if the reviewer bought the item on Amazon. It also analyses reviews to verify trustworthiness.
            












        Top reviews
      

        Most recent
      
Top reviews












  Top reviews from Egypt

Translate all reviews to English

There was a problem filtering reviews right now. Please try again later.




ahmed e.4.0 out of 5 stars
Ø¬ÙŠØ¯Ø¬Ø¯Ø§
Reviewed in Egypt on 22 October 2022Verified Purchase
Ù…Ø±ÙŠØ­ ÙÙ‰ Ø§Ù„Ù…Ø´Ù‰
Read more
One person found this helpful

              Helpful


Report abuse
Translate review to English




Wessam Taissir5.0 out of 5 stars
Ø§Ù†ØµØ­ Ø¨Ø´Ø±Ø§Ø¡Ù‡
Reviewed in Egypt on 15 November 2022Size: 43 EUColor: WhiteVerified Purchase
Ø¬Ù…ÙŠÙ„ ÙˆØ§Ù„Ù…Ù‚Ø§Ø³ Ù…Ø¸Ø¨ÙˆØ·
Read more


              Helpful


Report abuse
Translate review to English




Mohammed5.0 out of 5 stars
Ø­Ù„Ùˆ Ø§ÙˆÙŠ
Reviewed in Egypt on 13 November 2022Verified Purchase
Ø­Ù„Ùˆ Ø§ÙˆÙŠ
Read more


              Helpful


Report abuse
Translate review to English




Ibrahim Saad5.0 out of 5 stars
ØºÙ†ÙŠ Ø¹Ù† Ø§Ù„ØªØ¹Ø±ÙŠÙ
Reviewed in Egypt on 5 October 2022Size: 45 EUColor: WhiteVerified Purchase
ØºÙ†ÙŠ Ø¹Ù† Ø§Ù„ØªØ¹Ø±ÙŠÙ
Read more
One person found this helpful

              Helpful


Report abuse
Translate review to English




karim4.0 out of 5 stars
Ø´ÙƒÙ„Ù‡ Ø´ÙŠÙƒ ÙˆØ§Ù„ØªÙ‚ÙÙŠÙ„ Ø§Ù„Ø®Ø§Øµ Ø¨Ù‡ ÙƒÙˆÙŠØ³ Ø¬Ø¯Ø§ ÙˆÙ…Ø±ÙŠØ­
Reviewed in Egypt on 24 April 2022Verified Purchase
Ø§Ù„ØªÙ‚ÙÙŠÙ„ Ø§Ù„Ø®Ø§Øµ Ø¨Ù‡ ÙƒÙˆÙŠØ³ Ù…Ø¨Ø·Ù† Ù…Ù† Ø§Ù„Ø¯Ø§Ø®Ù„ ÙˆØ¹Ø§Ù„ÙŠ Ø¹Ù† Ø§Ù„Ø§Ø±Ø¶ ÙˆØ§Ù„Ù„ÙˆÙ† Ø´ÙŠÙƒ Ø¬Ø¯Ø§
Read more
2 people found this helpful

              Helpful


Report abuse
Translate review to EnglishSamer Maged4.0 out of 5 stars
Very Good
Reviewed in Egypt on 23 March 2022Size: 45 EUColor: WhiteVerified Purchase
Amazing price of 200 EGP. Great material. An original ACTIV product.
Read more
One person found this helpful

              Helpful


Report abuse





Mostafa gamal radwan4.0 out of 5 stars
Ø·Ù„Ø¨Øª Ø§Ù„Ù„ÙˆÙ† Ø§Ù„Ø£Ø¨ÙŠØ¶ Ø¨Ø®Ø· Ø§Ø²Ø±Ù‚ ÙˆØµÙ„Ù‰ Ø§Ø¨ÙŠØ¶ ÙÙ‰ Ø®Ø· Ø§Ø³ÙˆØ¯
Reviewed in Egypt on 19 March 2022Verified Purchase
Ù…Ø´ Ø¨Ø·Ø§Ù„ Ùˆ Ù‚ÙŠÙ…Ø© Ù…Ù‚Ø¨ÙˆÙ„Ø© Ù…Ù‚Ø§Ø¨Ù„ Ø³Ø¹Ø±Ù‡
Read more


              Helpful


Report abuse
Translate review to English




tamer5.0 out of 5 stars
ÙƒÙˆÙŠØ³
Reviewed in Egypt on 13 August 2022Verified Purchase
ÙƒÙˆÙŠØ³ Ø¨Ø³ Ù†Ø§Ø´Ù Ø´ÙˆÙŠØ©
Read more


              Helpful


Report abuse
Translate review to EnglishSee all reviews


",2022-12-02,https://www.amazon.eg/-/en/ACTIVNEW-MENS-SPORT-SHOES-WHITE/dp/B09NP25B97?ref_=Oct_d_otopr_d_21845434031&pd_rd_w=KRjIb&content-id=amzn1.sym.66034381-6399-4395-a965-d55aa520b1b2&pf_rd_p=66034381-6399-4395-a965-d55aa520b1b2&pf_rd_r=1WCZWW3PRY6N5M2P7HZQ&pd_rd_wg=9VFsd&pd_rd_r=4a26ac58-e599-44bf-9567-2aa3a3039cf9&pd_rd_i=B09NP25B97&th=1
        Testa Toro Men's Daily Life Microfiber Casual Shoes       ,"
  Price: EGP185.00EGP185.00 







 





     All prices include VAT.     ","Customer Reviews3.8 out of 5 stars3.8 out of 5
            235 global ratings






            5 star
          












            
              62%
            
          







            4 star
          












            
              4%
            
          







            3 star
          












            
              7%
            
          







            2 star
          












            
              8%
            
          







            1 star
          












            
              18%
            
          







                How are ratings calculated?
            

                To calculate the overall star rating and percentage breakdown by star, we donâ€™t use a simple average. Instead, our system considers things like how recent a review is and if the reviewer bought the item on Amazon. It also analyses reviews to verify trustworthiness.
            












        Top reviews
      

        Most recent
      
Top reviews












  Top reviews from Egypt

Translate all reviews to English

There was a problem filtering reviews right now. Please try again later.Ahmed R.4.0 out of 5 stars
Quality fits the price
Reviewed in Egypt on 17 May 2022Size: 41Color: gray quatrefoilVerified Purchase
Exactly as the images
Read more


              Helpful


Report abuse





Ø¹Ø¨Ø¯Ø§Ù„Ù„Ù‡ Ø¹Ø±ÙŠØ´4.0 out of 5 stars
Ø¬ÙŠØ¯
Reviewed in Egypt on 24 April 2022Size: 41Color: hernvyVerified Purchase
Ù…Ù†ØªØ¬ Ø¬ÙŠØ¯ ÙˆÙ„ÙƒÙ† Ø§Ù„Ù…Ù‚Ø§Ø³ ØµØºÙŠØ± Ø¹Ù† Ø§Ù„Ù…ÙˆØ§Ø¯ Ø¨Ù†Ù…Ø± ÙˆØ§Ø­Ø¯Ù‡
Read more
8 people found this helpful

              Helpful


Report abuse
Translate review to English




Mohamed Hesham3.0 out of 5 stars
Ø§Ø®ØªÙŠØ§Ø± Ù…Ù‚Ø§Ø³ Ù†Ù…Ø±Ù‡ Ø§Ùˆ Ù†Ù…Ø±ØªÙŠÙ† Ø§ÙƒØ¨Ø±
Reviewed in Egypt on 1 September 2022Size: 44Color: hernvyVerified Purchase
Ø§Ù„Ù…Ù‚Ø§Ø³Ø§Øª Ø§Ù‚Ù„ Ù…Ù† Ø§Ù„Ø·Ø¨ÙŠØ¹ÙŠ ÙˆÙ†Ø§Ø´ÙØ§Ù„Ù‚ÙŠÙ…Ø© Ù…Ù‚Ø§Ø¨Ù„ Ø§Ù„Ø³Ø¹Ø± Ù…Ù‚Ø¨ÙˆÙ„ Ø¨Ø³ Ù‚ØµØ© Ø§Ù„Ù…Ù‚Ø§Ø³ Ø¯ÙŠ Ù…Ø³ØªÙØ°Ù‡ ÙƒØ§Ù† Ù„Ø§Ø²Ù… Ø§Ù„ØªÙˆØ¶ÙŠØ­ Ø§Ùˆ Ù…Ø±Ø§Ø¹Ø§Ù‡ Ø§Ù„Ù…Ù‚Ø§Ø³Ø§Øª Ø§Ù„Ø¹Ø§Ù„Ù…ÙŠØ©
Read more
4 people found this helpful

              Helpful


Report abuse
Translate review to EnglishMohamed Hesham5.0 out of 5 stars
good
Reviewed in Egypt on 16 November 2022Size: 45Color: NavyVerified Purchase
good
Read more


              Helpful


Report abuse





Hoda Amr3.0 out of 5 stars
Ø§Ø³ÙƒÙ†Ø¯Ø±ÙŠØ© Ø³ÙŠØ¯Ù‰ Ø¨Ø´Ø±
Reviewed in Egypt on 16 July 2022Size: 43Color: gray quatrefoilVerified Purchase
Ø§Ù„Ù…Ù†ØªØ¬ ÙƒÙˆÙŠØ³ Ø¬Ø¯Ø§ ÙƒØ®Ø§Ù…Ø© ÙˆÙ„ÙƒÙ† ÙˆØµÙ„ Ø¹Ù†Ø¯Ù†Ø§ Ù…Ø³ØªØ¹Ù…Ù„ Ù„Ù„Ø£Ø³Ù ÙˆØ§Ù„Ø§Ø³ØªØ®Ø¯Ø§Ù… ÙˆØ§Ø¶Ø­ Ø¬Ø¯Ø§ Ø¹Ù„Ù‰ Ø§Ù„Ù†Ø¹Ù„ Ù…Ù† ØªØ­Øª Ù…ÙƒØ§Ù† Ø§Ù„Ù…Ø´Ù‰ Ø¨ÙŠÙ‡ ÙˆØ±Ø¨Ø§Ø· Ø§Ù„ÙƒÙˆØªØ´Ù‰ Ù…ØªØ³Ø®
Read more
12 people found this helpful

              Helpful


Report abuse
Translate review to EnglishJoseph3.0 out of 5 stars
NICE for Short Distance - Good for Its Price
Reviewed in Egypt on 6 May 2022Size: 41Color: gray quatrefoilVerified Purchase
Material is decent considering the price, though If you walk on it for long distance, you will definitely feel some pain, as Its thickness is a bit small. Works perfectly for the beach. But dont' expect to use it all day long walking, as you would feel some pain here.
Read more
6 people found this helpful

              Helpful


Report abuse





Ù…Ø­Ù…Ø¯ Ø®Ù„Ù5.0 out of 5 stars
Ø§Ù„Ø®Ø§Ù…Ù‡ Ø¬Ù…ÙŠÙ„Ù‡ Ø¬Ø¯Ø§ ÙˆØ§Ù„Ù…Ù†ØªØ¬ Ù…Ø±ÙŠØ­
Reviewed in Egypt on 11 August 2022Size: 45Color: aura whiteVerified Purchase
Ø§Ù„Ø®Ø§Ù…Ù‡ Ø¬Ù…ÙŠÙ„Ù‡ Ø¬Ø¯Ø§ ÙˆØ§Ù„Ù…Ù†ØªØ¬ Ù…Ø±ÙŠØ­
Read more


              Helpful


Report abuse
Translate review to English




Khaled E.3.0 out of 5 stars
Ù…Ù†ØªØ¬ ÙƒÙˆÙŠØ³ Ø¨Ø³ Ø§Ù„Ù„ÙˆÙ† Ø¬Ù‡ ØºÙ„Ø·
Reviewed in Egypt on 10 July 2022Size: 41Color: NavyVerified Purchase
Ù…Ù†ØªØ¬ ÙƒÙˆÙŠØ³ Ø¨Ø³ Ø§Ù„Ù„ÙˆÙ† Ù…Ø®ØªÙ„Ù Ø¹Ù† Ø§Ù„Ù…Ø·Ù„ÙˆØ¨ Ø¨Ø¯Ù„ ÙƒØ­Ù„Ù‰ Ø¬Ù‡ Ø§Ø¨ÙŠØ¶
Read more


              Helpful


Report abuse
Translate review to EnglishSee all reviews


",2022-12-02,https://www.amazon.eg/-/en/Testa-Toro-Daily-Microfiber-Casual/dp/B09V1M9DDM/ref=sr_1_2?crid=1ZTMNJJXEH184&keywords=testa+toro+men%27s+daily+life+microfiber&qid=1670009597&qu=eyJxc2MiOiIwLjgwIiwicXNhIjoiMC4wMCIsInFzcCI6IjAuMDAifQ%3D%3D&sprefix=testa+toro+men%27s+daily+life+microfib%2Caps%2C115&sr=8-2
"        adidas Mens Run Response Super 2.0 MN Competition Running Sneaker Shoes, Color       ","
  Price:  EGP1,229.00EGP1,229.00 - EGP1,679.00EGP1,679.00  







 





     All prices include VAT.     ","Customer Reviews4.1 out of 5 stars4.1 out of 5
            92 global ratings






            5 star
          












            
              62%
            
          







            4 star
          












            
              15%
            
          







            3 star
          












            
              7%
            
          







            2 star
          












            
              4%
            
          







            1 star
          












            
              13%
            
          







                How are ratings calculated?
            

                To calculate the overall star rating and percentage breakdown by star, we donâ€™t use a simple average. Instead, our system considers things like how recent a review is and if the reviewer bought the item on Amazon. It also analyses reviews to verify trustworthiness.
            












        Top reviews
      

        Most recent
      
Top reviews












  Top review from Egypt


There was a problem filtering reviews right now. Please try again later.Mahmoud5.0 out of 5 stars
love it
Reviewed in Egypt on 24 November 2022Verified Purchase
love it
Read more


              Helpful


Report abuse
See all reviews






      
        
          Top reviews from other countries
        
        
      
    




GOURAB GHOSH5.0 out of 5 stars
Genuine Adidas shoes
Reviewed in India on 25 July 2022Verified Purchase
I bought this pair on Prime day sale of july at 4100.Had a doubt as to whether this would be original or not.I verified by matching the shoe box code with the code given inside the shoes..and searched it on google..they matched..so these are very much authentic products!this shoe is both stylish and comfortable.the heel is of 2 inchesAll in all this was a good deal..Thanks Amazon for this great deal!!
Read more
One person found this helpful
Report abuse
Krishna Charan5.0 out of 5 stars
Peak comfort made for running
Reviewed in India on 18 April 2022Verified Purchase
Great fit, good breathing space for toes, and an amazing styrofoam heel support to reduce impact for long distance running.
Read more
3 people found this helpful
Report abuse
Mehak Malik1.0 out of 5 stars
I'm order Adidas shoes but I have received two slippers both left legs pairs
Reviewed in India on 29 April 2022Verified PurchaseRead more
4 people found this helpful
Report abuse
Rohit Kumar1.0 out of 5 stars
Uncomfortable and Rigid
Reviewed in India on 23 November 2022Verified Purchase
Please don't buy I feel very uncomfortable, sheer waste of money.
Read more

Report abuse
Deepak2.0 out of 5 stars
Ok
Reviewed in India on 29 September 2022Verified Purchase
Not really good
Read more
One person found this helpful
Report abuse
See all reviews





",2022-12-02,https://www.amazon.eg/-/en/adidas-Response-Competition-Running-Sneaker/dp/B09G4JJJ9V/ref=sr_1_37?keywords=shoes+mens&qid=1669652764&qu=eyJxc2MiOiIxMS4wNiIsInFzYSI6IjEwLjI0IiwicXNwIjoiOC4wOSJ9&sprefix=shoes%2Caps%2C131&sr=8-37
        Squadra Mesh Leather Detail Side       ,"
  Price:  EGP69.00EGP69.00 - EGP79.00EGP79.00  







 





     All prices include VAT.     ","Customer Reviews2.9 out of 5 stars2.9 out of 5
            156 global ratings






            5 star
          












            
              26%
            
          







            4 star
          












            
              11%
            
          







            3 star
          












            
              19%
            
          







            2 star
          












            
              10%
            
          







            1 star
          












            
              33%
            
          







                How are ratings calculated?
            

                To calculate the overall star rating and percentage breakdown by star, we donâ€™t use a simple average. Instead, our system considers things like how recent a review is and if the reviewer bought the item on Amazon. It also analyses reviews to verify trustworthiness.
            












        Top reviews
      

        Most recent
      
Top reviews












  Top reviews from Egypt

Translate all reviews to English

There was a problem filtering reviews right now. Please try again later.




Mohamed saleh3.0 out of 5 stars
Ø§Ù‚Ù„ Ù…Ù† Ù…ØªÙˆØ³Ø·
Reviewed in Egypt ğŸ‡ªğŸ‡¬ on 22 November 2022Size: 41 EUColor: NavyVerified Purchase
Ø¨Ø³ÙŠØ· Ø¬Ø¯Ø§ ÙˆÙ…Ø´ Ø¹Ù…Ù„Ù‰ Ø§ÙˆÙ‰
Read more


              Helpful


Report abuse
Translate review to English




KHALEDFARID222654.0 out of 5 stars
Ù…Ù†Ø§Ø³Ø¨ Ø¬ÙˆØ¯Ø© Ùˆ Ø³Ø¹Ø±
Reviewed in Egypt ğŸ‡ªğŸ‡¬ on 14 October 2022Size: 45 EUColor: NavyVerified Purchase
ÙŠÙÙŠ Ø¨Ø§Ù„ØºØ±Ø¶Ùˆ Ø§Ù„Ù…Ù†ØªØ¬ Ù…Ø·Ø§Ø¨Ù‚ Ù„Ù„ØªÙˆÙ‚Ø¹Ø§Øª.
Read more
One person found this helpful

              Helpful


Report abuse
Translate review to EnglishUmm Amina4.0 out of 5 stars
Unfortunately size 40 not avaiable
Reviewed in Egypt ğŸ‡ªğŸ‡¬ on 28 September 2022Size: 41 EUColor: NavyVerified Purchase
Very beautiful shoes my daughter wanted for school, but unfortunately 41 is too big and too wide. (Probably cause they are designed for men, not women).And there is no size 40 available.Anyway thank you  for quick delivery and return and refund.
Read more
2 people found this helpful

              Helpful


Report abuse





Ù…Ø­Ù…Ø¯ Ø§Ù„Ø³ÙŠØ¯ Ø­Ø¨Ø´Ù‰3.0 out of 5 stars
Ø§Ù„Ù…Ù‚Ø§Ø³ ØºÙŠØ± Ù…Ù†Ø§Ø³Ø¨ Ù„Ù„Ù…Ù‚Ø§Ø³ Ø§Ù„ÙƒØªÙˆØ¨ Ø¹Ù„ÙŠØ©
Reviewed in Egypt ğŸ‡ªğŸ‡¬ on 9 November 2022Size: 45 EUColor: Dark GreyVerified Purchase
Ø§Ù„Ù…Ù‚Ø§Ø³ ØºÙŠØ± Ù…Ù†Ø§Ø³Ø¨ Ù„Ù„Ù…Ù‚Ø§Ø³ Ø§Ù„ÙƒØªÙˆØ¨ Ø¹Ù„ÙŠØ©
Read more


              Helpful


Report abuse
Translate review to English




Ù…Ø­Ù…ÙˆØ¯ Ø£Ø¨ÙˆØ²ÙŠØ¯3.0 out of 5 stars
Ø¬Ù…ÙŠÙ„ Ø¬Ø¯Ø§ ÙˆÙ…Ø±ÙŠØ­ . Ù„ÙƒÙ† ...
Reviewed in Egypt ğŸ‡ªğŸ‡¬ on 19 July 2022Size: 42 EUColor: BlackVerified Purchase
Ø¬Ù…ÙŠÙ„ Ø¬Ø¯Ø§ ÙˆÙ…Ø±ÙŠØ­ . Ù„ÙƒÙ† ÙƒØ§Ù† ÙŠØ­ØªØ§Ø¬ ÙØ±Ø´ Ø¯Ø§Ø®Ù„Ù‰ Ø³Ù…ÙŠÙƒ Ù„ÙŠÙƒÙˆÙ† Ø£Ø­Ø³Ù† ÙˆØ£Ø±ÙŠØ­ . Ù‡Ø°Ø§ Ù…Ø§Ø´Ø¹Ø±Øª Ø¨Ù‡ Ø¨Ø¹Ø¯Ù…Ø§ ÙˆØ¶Ø¹Øª Ù„Ù‡ ÙØ±Ø´ Ù…Ù† Ø¹Ù†Ø¯Ù‰
Read more
2 people found this helpful

              Helpful


Report abuse
Translate review to English




hxlk3.0 out of 5 stars
Ù…Ø±Ø§Ø¬Ø¹Ø© Ø§Ù„Ø­Ø°Ø§Ø¡
Reviewed in Egypt ğŸ‡ªğŸ‡¬ on 6 August 2022Size: 45 EUColor: Dark GreyVerified Purchase
Ù„Ù… ÙŠÙƒÙˆÙ† Ø§Ù„Ù…Ù†ØªØ¬ Ù†ÙØ³ Ø§Ù„Ø´ÙƒÙ„ ÙÙ‰ Ø§Ù„ÙˆØ§Ù‚Ø¹ ÙƒÙ…Ø§ Ù‡Ùˆ Ù…ÙˆØ¬ÙˆØ¯ Ø¹Ù„Ù‰ Ø§Ù„Ù…ÙˆÙ‚Ø¹
Read more
One person found this helpful

              Helpful


Report abuse
Translate review to EnglishAhmed s.3.0 out of 5 stars
It's very good but it's nearly light
Reviewed in Egypt ğŸ‡ªğŸ‡¬ on 15 August 2022Size: 41 EUColor: BlackVerified Purchase
Like it
Read more
One person found this helpful

              Helpful


Report abuse





ahmed moustafa2.0 out of 5 stars
Ù…Ø®ØªÙ„Ù ØªÙ…Ø§Ù…Ø§
Reviewed in Egypt ğŸ‡ªğŸ‡¬ on 12 November 2022Size: 45 EUColor: NavyVerified Purchase
Ù…Ø­ØªÙ„Ù ØªÙ…Ø§Ù…Ø§ Ø¹Ù† Ø§Ù„Ù„ÙŠ ÙÙŠ Ø§Ù„ØµÙˆØ±Ø© Ø¨Ø³ Ø¹ Ù‚Ø¯ Ø³Ø¹Ø±Ù‡
Read more


              Helpful


Report abuse
Translate review to EnglishSee all reviews


",2022-12-02,https://www.amazon.eg/-/en/Squadra-Leather-Detail-elastic-Panel/dp/B08Y8YLKC2/ref=sr_1_30?keywords=shoes+mens&qid=1669652764&qu=eyJxc2MiOiIxMS4wNiIsInFzYSI6IjEwLjI0IiwicXNwIjoiOC4wOSJ9&sprefix=shoes%2Caps%2C131&sr=8-30
"        adidas Mens Runfalcon 2.0 Sneaker Athletic MNS Running Shoe, Color Semi Night Flash/Core Black/Scarlet, Size 46.5 EU       ","
  Price: EGP1,629.00EGP1,629.00 







 





     All prices include VAT.     ","Customer Reviews4.4 out of 5 stars4.4 out of 5
            5,767 global ratings






            5 star
          












            
              66%
            
          







            4 star
          












            
              21%
            
          







            3 star
          












            
              8%
            
          







            2 star
          












            
              2%
            
          







            1 star
          












            
              4%
            
          







                How are ratings calculated?
            

                To calculate the overall star rating and percentage breakdown by star, we donâ€™t use a simple average. Instead, our system considers things like how recent a review is and if the reviewer bought the item on Amazon. It also analyses reviews to verify trustworthiness.
            












        Top reviews
      

        Most recent
      
Top reviews












  Top reviews from Egypt

Translate all reviews to English

There was a problem filtering reviews right now. Please try again later.




TaherElHadidi5.0 out of 5 stars
Ø¬Ù…ÙŠÙ„ Ø¬Ø¯Ø§
Reviewed in Egypt on 26 November 2022Verified Purchase
Ø®ÙÙŠÙ Ø±ÙŠØ´Ù‡
Read more


              Helpful


Report abuse
Translate review to English




Obay4.0 out of 5 stars
Ù…Ù‚Ø¨ÙˆÙ„ Ù…Ù† Ù†Ø§Ø­ÙŠØ© Ø§Ù„Ø®Ø§Ù…Ø© ÙˆØ§Ù„Ù‚ÙŠØ§Ø³ ÙˆØ§Ù„Ø±Ø§Ø­Ø© .  ÙˆÙ„ÙƒÙ†
Reviewed in Egypt on 9 May 2022Verified Purchase
Ù…Ù…ØªØ§Ø² Ù„ÙƒÙ† Ù…Ù† ØªØ­Øª Ø§Ù„Ø§Ø±Ø¨Ø·Ø© ØºÙŠØ± Ù…Ø±ÙŠØ­ Ù‚Ù„ÙŠÙ„Ø¢
Read more
6 people found this helpful

              Helpful


Report abuse
Translate review to English




Ø´Ø±ÙŠÙ Ø¹ØµÙ…Øª5.0 out of 5 stars
Ø±Ø§Ø¦Ø¹ Ø¬Ø¯Ø§
Reviewed in Egypt on 23 May 2022Verified Purchase
ÙƒÙ…Ø§ Ù‡Ùˆ Ø§Ù„Ø¹Ø§Ø¯Ù‡ Ù…Ù† Ù…Ù†ØªØ¬Ø§Øª Ø§Ø¯ÙŠØ¯Ø§Ø³ Ø§Ù„Ø§ÙˆØ±Ø¬ÙŠÙ†Ø§Ù„ Ø±Ø§Ø­Ù‡ Ù…Ø§ Ø¨Ø¹Ø¯Ù‡Ø§ Ø±Ø§Ø­Ù‡ ... ØªØ­ÙÙ‡
Read more
3 people found this helpful

              Helpful


Report abuse
Translate review to English




Medhat e.5.0 out of 5 stars
Ù…Ø±ÙŠØ­
Reviewed in Egypt on 27 April 2022Verified Purchase
Ø´ÙŠÙƒ ÙˆÙ…Ø±ÙŠØ­
Read more
One person found this helpful

              Helpful


Report abuse
Translate review to EnglishMah.Badawy5.0 out of 5 stars
Original - Very Good
Reviewed in Egypt on 2 March 2022Verified Purchase
Original - Very Good
Read more
One person found this helpful

              Helpful


Report abuse
Me5.0 out of 5 stars
As expected
Reviewed in Egypt on 19 June 2022
Adidas never failed to impress me with the high quality and perfect finish,  also it's very comfy and good for short runs
Read more


              Helpful


Report abuse





Mohamed Adel Ahmed5.0 out of 5 stars
Ø¬Ø§Ù…Ø¯ Ø·Ø¨Ø¹Ø§
Reviewed in Egypt on 29 May 2022
Ù…Ø±ÙŠØ­ Ø¬Ø¯Ø§
Read more
One person found this helpful

              Helpful


Report abuse
Translate review to English




Ø¨Ø³Ø§Ù… Ø­.3.0 out of 5 stars
ÙƒÙˆÙŠØ³ Ø¨Ø³ ØªÙ„Ø¨ÙŠØ³Ù‡ ØµØºÙŠØ±
Reviewed in Egypt on 10 May 2022
Ø¬ÙˆØ¯Ø© ÙƒÙˆÙŠØ³Ù‡ Ø¨Ø³ ØªÙ„Ø¨ÙŠØ³Ù‡ ØµØºÙŠØ± Ù‡Ø§Øª Ø§ÙƒØ¨Ø± Ø¨Ù†Øµ Ø¯Ø±Ø¬Ù‡
Read more
2 people found this helpful

              Helpful


Report abuse
Translate review to EnglishSee all reviews






      
        
          Top reviews from other countries
        
        
      
    




T. D. M.5.0 out of 5 stars
Repeat purchase
Reviewed in the United Kingdom on 24 March 2022Verified Purchase
These are great trainers! They are supplied with one left and one right, which is super handy as I have a left and right foot.
Read more
5 people found this helpful
Report abuse
Anonymous Customer5.0 out of 5 stars
Seem ok so far
Reviewed in the United Kingdom on 8 July 2022Size: 44.5 EUColor: Crew Navy/Ftwr White/Legend InkVerified Purchase
Only really tried them on, so far but seem good. Even bought another pair as the price was right and I walk/run a lot. I'm always a 12 with Adidas and a similar sports brand; so these fit well. Perhaps a little tight around middle foot but probably with just being new and I could perhaps loosen the laces. I'm not a huge fan of mesh above the toes as you can get holes but the mesh is not as thin as I feared so hopefully ok. Grip seems good and quite lightweight.
Read more

Report abuse
DJK, Derby5.0 out of 5 stars
Great trainers
Reviewed in the United Kingdom on 3 February 2022Verified Purchase
Look really good and the contrast red stripes with the black trainers looks great. Very comfortable.
Read more

Report abuse
Frank5.0 out of 5 stars
Excellent value n comfy
Reviewed in the United Kingdom on 4 November 2022Size: 45 1/3 EUColor: Core Black/Ftwr White/Solar RedVerified Purchase
Best pair o trainers ive bought il defo b buying them again
Read more

Report abuse
Mr. M. Wilson5.0 out of 5 stars
Comfy and light
Reviewed in the United Kingdom on 22 May 2022Verified Purchase
Use these for jogging and have had no issues with sore feet or ankles since Iâ€™ve been using them. Nice and comfy for every day use too.
Read more

Report abuse
See all reviews





",2022-12-02,https://www.amazon.eg/-/en/adidas-Runfalcon-Sneaker-Athletic-Running/dp/B0919R4HHW/ref=sr_1_7?keywords=shoes+mens&qid=1670004202&qu=eyJxc2MiOiIxMS4wNiIsInFzYSI6IjEwLjI0IiwicXNwIjoiOC4wOSJ9&sprefix=shoes%2Caps%2C602&sr=8-7
        Squadra Mesh Leather Detail Side       ,"
  Price: EGP79.00EGP79.00 







 





     All prices include VAT.     ","Customer Reviews2.9 out of 5 stars2.9 out of 5
            156 global ratings






            5 star
          












            
              26%
            
          







            4 star
          












            
              11%
            
          







            3 star
          












            
              19%
            
          







            2 star
          












            
              10%
            
          







            1 star
          












            
              33%
            
          







                How are ratings calculated?
            

                To calculate the overall star rating and percentage breakdown by star, we donâ€™t use a simple average. Instead, our system considers things like how recent a review is and if the reviewer bought the item on Amazon. It also analyses reviews to verify trustworthiness.
            












        Top reviews
      

        Most recent
      
Top reviews












  Top reviews from Egypt

Translate all reviews to English

There was a problem filtering reviews right now. Please try again later.




Mohamed saleh3.0 out of 5 stars
Ø§Ù‚Ù„ Ù…Ù† Ù…ØªÙˆØ³Ø·
Reviewed in Egypt on 22 November 2022Size: 41 EUColor: NavyVerified Purchase
Ø¨Ø³ÙŠØ· Ø¬Ø¯Ø§ ÙˆÙ…Ø´ Ø¹Ù…Ù„Ù‰ Ø§ÙˆÙ‰
Read more


              Helpful


Report abuse
Translate review to English




KHALEDFARID222654.0 out of 5 stars
Ù…Ù†Ø§Ø³Ø¨ Ø¬ÙˆØ¯Ø© Ùˆ Ø³Ø¹Ø±
Reviewed in Egypt on 14 October 2022Size: 45 EUColor: NavyVerified Purchase
ÙŠÙÙŠ Ø¨Ø§Ù„ØºØ±Ø¶Ùˆ Ø§Ù„Ù…Ù†ØªØ¬ Ù…Ø·Ø§Ø¨Ù‚ Ù„Ù„ØªÙˆÙ‚Ø¹Ø§Øª.
Read more
One person found this helpful

              Helpful


Report abuse
Translate review to EnglishUmm Amina4.0 out of 5 stars
Unfortunately size 40 not avaiable
Reviewed in Egypt on 28 September 2022Size: 41 EUColor: NavyVerified Purchase
Very beautiful shoes my daughter wanted for school, but unfortunately 41 is too big and too wide. (Probably cause they are designed for men, not women).And there is no size 40 available.Anyway thank you  for quick delivery and return and refund.
Read more
2 people found this helpful

              Helpful


Report abuse





Ù…Ø­Ù…Ø¯ Ø§Ù„Ø³ÙŠØ¯ Ø­Ø¨Ø´Ù‰3.0 out of 5 stars
Ø§Ù„Ù…Ù‚Ø§Ø³ ØºÙŠØ± Ù…Ù†Ø§Ø³Ø¨ Ù„Ù„Ù…Ù‚Ø§Ø³ Ø§Ù„ÙƒØªÙˆØ¨ Ø¹Ù„ÙŠØ©
Reviewed in Egypt on 9 November 2022Size: 45 EUColor: Dark GreyVerified Purchase
Ø§Ù„Ù…Ù‚Ø§Ø³ ØºÙŠØ± Ù…Ù†Ø§Ø³Ø¨ Ù„Ù„Ù…Ù‚Ø§Ø³ Ø§Ù„ÙƒØªÙˆØ¨ Ø¹Ù„ÙŠØ©
Read more


              Helpful


Report abuse
Translate review to English




Ù…Ø­Ù…ÙˆØ¯ Ø£Ø¨ÙˆØ²ÙŠØ¯3.0 out of 5 stars
Ø¬Ù…ÙŠÙ„ Ø¬Ø¯Ø§ ÙˆÙ…Ø±ÙŠØ­ . Ù„ÙƒÙ† ...
Reviewed in Egypt on 19 July 2022Size: 42 EUColor: BlackVerified Purchase
Ø¬Ù…ÙŠÙ„ Ø¬Ø¯Ø§ ÙˆÙ…Ø±ÙŠØ­ . Ù„ÙƒÙ† ÙƒØ§Ù† ÙŠØ­ØªØ§Ø¬ ÙØ±Ø´ Ø¯Ø§Ø®Ù„Ù‰ Ø³Ù…ÙŠÙƒ Ù„ÙŠÙƒÙˆÙ† Ø£Ø­Ø³Ù† ÙˆØ£Ø±ÙŠØ­ . Ù‡Ø°Ø§ Ù…Ø§Ø´Ø¹Ø±Øª Ø¨Ù‡ Ø¨Ø¹Ø¯Ù…Ø§ ÙˆØ¶Ø¹Øª Ù„Ù‡ ÙØ±Ø´ Ù…Ù† Ø¹Ù†Ø¯Ù‰
Read more
2 people found this helpful

              Helpful


Report abuse
Translate review to English




hxlk3.0 out of 5 stars
Ù…Ø±Ø§Ø¬Ø¹Ø© Ø§Ù„Ø­Ø°Ø§Ø¡
Reviewed in Egypt on 6 August 2022Size: 45 EUColor: Dark GreyVerified Purchase
Ù„Ù… ÙŠÙƒÙˆÙ† Ø§Ù„Ù…Ù†ØªØ¬ Ù†ÙØ³ Ø§Ù„Ø´ÙƒÙ„ ÙÙ‰ Ø§Ù„ÙˆØ§Ù‚Ø¹ ÙƒÙ…Ø§ Ù‡Ùˆ Ù…ÙˆØ¬ÙˆØ¯ Ø¹Ù„Ù‰ Ø§Ù„Ù…ÙˆÙ‚Ø¹
Read more
One person found this helpful

              Helpful


Report abuse
Translate review to EnglishAhmed s.3.0 out of 5 stars
It's very good but it's nearly light
Reviewed in Egypt on 15 August 2022Size: 41 EUColor: BlackVerified Purchase
Like it
Read more
One person found this helpful

              Helpful


Report abuse





ahmed moustafa2.0 out of 5 stars
Ù…Ø®ØªÙ„Ù ØªÙ…Ø§Ù…Ø§
Reviewed in Egypt on 12 November 2022Size: 45 EUColor: NavyVerified Purchase
Ù…Ø­ØªÙ„Ù ØªÙ…Ø§Ù…Ø§ Ø¹Ù† Ø§Ù„Ù„ÙŠ ÙÙŠ Ø§Ù„ØµÙˆØ±Ø© Ø¨Ø³ Ø¹ Ù‚Ø¯ Ø³Ø¹Ø±Ù‡
Read more


              Helpful


Report abuse
Translate review to EnglishSee all reviews


",2022-12-02, https://www.amazon.eg/-/en/Squadra-Leather-Detail-elastic-Panel/dp/B08WJNMWX6/ref=sr_1_19?keywords=shoes+mens&qid=1670004202&qu=eyJxc2MiOiIxMS4wNiIsInFzYSI6IjEwLjI0IiwicXNwIjoiOC4wOSJ9&sprefix=shoes%2Caps%2C602&sr=8-19
        Adidas DURAMO 10       ,"
  Price: EGP1,879.00EGP1,879.00 







 





     All prices include VAT.     ","Customer Reviews4.0 out of 5 stars4 out of 5
            48 global ratings






            5 star
          












            
              55%
            
          







            4 star
          












            
              19%
            
          







            3 star
          












            
              11%
            
          






          2 star
        

          0% (0%)
        








          
            0%
          
        






            1 star
          












            
              15%
            
          







                How are ratings calculated?
            

                To calculate the overall star rating and percentage breakdown by star, we donâ€™t use a simple average. Instead, our system considers things like how recent a review is and if the reviewer bought the item on Amazon. It also analyses reviews to verify trustworthiness.
            












        Top reviews
      

        Most recent
      
Top reviews












  Top reviews from Egypt



    There are 0 reviews and 1 rating from Egypt
  






      
        
          Top reviews from other countries
        
        
      
    


Translate all reviews to English





StevieBuzz5.0 out of 5 stars
Love them
Reviewed in the United Kingdom ğŸ‡¬ğŸ‡§ on 27 November 2022Verified Purchase
Perfect fit and size. Very comfortable
Read more

Report abuse





Mario1.0 out of 5 stars
Mala calidad
Reviewed in Spain ğŸ‡ªğŸ‡¸ on 22 November 2022Verified Purchase
ComprÃ© estas zapatillas porque me gustaron su anterior modelo. Pero este modelo es puro plÃ¡stico, queda totalmente deformada cuando te las pones y se notan de pÃ©sima calidad. Las devolvÃ­ al minuto
Read more

Report abuse
Translate review to English




Frank Hafner5.0 out of 5 stars
Turnschuh
Reviewed in Germany ğŸ‡©ğŸ‡ª on 22 October 2022Verified Purchase
nutze den Schuh in der Freizeit. Bin, wie immer bei Adidas, sehr zufrieden. Luftiger Schuh, der sehr gut passt.
Read more

Report abuse
Translate review to English




elli5.0 out of 5 stars
SchÃ¶ner Schuh
Reviewed in Germany ğŸ‡©ğŸ‡ª on 6 September 2022Verified Purchase
Das Material und die Passform des Schuhes sind gut, daher kann ich eine Kaufempfehlung aussprechen.
Read more

Report abuse
Translate review to English




Paulino del Rio5.0 out of 5 stars
Muy comodas,buena terminacion.
Reviewed in Spain ğŸ‡ªğŸ‡¸ on 8 June 2022Verified Purchase
Entrega muy rapida,producto tal como se publicitaen Amazon muy comodas y tallaje perfecto.
Read more
One person found this helpful
Report abuse
Translate review to EnglishSee all reviews





",2022-12-02,https://www.amazon.eg/-/en/Adidas-DURAMO-GW4082-RUNNING-SHOES/dp/B0B4WCP4H1/ref=sr_1_46?keywords=shoes+mens&qid=1670004202&qu=eyJxc2MiOiIxMS4wNiIsInFzYSI6IjEwLjI0IiwicXNwIjoiOC4wOSJ9&sprefix=shoes%2Caps%2C602&sr=8-46
"        Salerno Mens Two-Tone Textile Lace-Up Fluidstreet, Color       ","
  Price:  EGP119.00EGP119.00 - EGP139.00EGP139.00  







 





     All prices include VAT.     ","Customer Reviews4.0 out of 5 stars4 out of 5
            70 global ratings






            5 star
          












            
              42%
            
          







            4 star
          












            
              33%
            
          







            3 star
          












            
              12%
            
          







            2 star
          












            
              5%
            
          







            1 star
          












            
              8%
            
          







                How are ratings calculated?
            

                To calculate the overall star rating and percentage breakdown by star, we donâ€™t use a simple average. Instead, our system considers things like how recent a review is and if the reviewer bought the item on Amazon. It also analyses reviews to verify trustworthiness.
            












        Top reviews
      

        Most recent
      
Top reviews












  Top reviews from Egypt

Translate all reviews to English

There was a problem filtering reviews right now. Please try again later.




Mohamed Sami4.0 out of 5 stars
very comfortable
Reviewed in Egypt ğŸ‡ªğŸ‡¬ on 21 July 2022Size: 41 EUColor: NavyVerified Purchase
Ù…Ø±ÙŠØ­ Ù„Ù„Ù‚Ø¯Ù…ÙŠÙ† ØŒ ÙˆÙ„ÙƒÙ† Ø§ØºÙ„Ù‰ ÙƒÙ†ÙŠØ±  Ù…Ù† Ø³Ø¹Ø±Ù‡ Ø§Ù„Ù…ÙØ±ÙˆØ¶ ÙŠÙ†Ø²Ù„ Ø¨ÙŠÙ‡
Read more


              Helpful


Report abuse
Translate review to English




user-MTX5SS4.0 out of 5 stars
Ø´ÙƒÙ„Ù‡ Ø´ÙŠÙƒ
Reviewed in Egypt ğŸ‡ªğŸ‡¬ on 15 July 2022Verified Purchase
Ø´ÙƒÙ„Ù‡ Ø­Ù„Ùˆ ÙˆÙŠØ¤Ø¯ÙŠ Ø§Ù„ØºØ±Ø¶ Ø¨Ø§Ù„Ù†Ø³Ø¨Ù‡ Ù„Ø³Ø¹Ø±Ù‡
Read more


              Helpful


Report abuse
Translate review to English




Mohamed Soliman3.0 out of 5 stars
ØªØ­Øª Ø§Ù„ØªØ¬Ø±Ø¨Ø©
Reviewed in Egypt ğŸ‡ªğŸ‡¬ on 21 September 2022Size: 45 EUColor: GreyVerified Purchase
Ù…Ø´ Ø§Ø­Ø³Ù† Ø­Ø§Ø¬Ù‡ Ø¨Ø³ ÙƒÙˆÙŠØ³ ØŒ Ø§Ù„Ø®Ø§Ù…Ù‡ Ø¨ØªØ§Ø¹ØªÙ‡ Ù‚Ù…Ø§Ø´ Ø¨Ø³ ØªØ­Ø³Ù‡ Ø¨Ù„Ø§Ø³ØªÙŠÙƒ ÙˆÙ…Ø´ Ù…ÙÙ‡ÙˆÙ… ÙƒØ¯Ø§
Read more


              Helpful


Report abuse
Translate review to English




mazfirst4.0 out of 5 stars
Ø¬Ù…ÙŠÙ„ Ùˆ Ù…Ù†Ø§Ø³Ø¨
Reviewed in Egypt ğŸ‡ªğŸ‡¬ on 9 June 2022Verified Purchase
Ù…Ù…ØªØ§Ø² Ø¨Ø§Ù„Ù†Ø³Ø¨Ù‡ Ù„Ø³Ø¹Ø±Ù‡Ø®ÙÙŠÙÙ…Ø±ÙŠØ­
Read more


              Helpful


Report abuse
Translate review to English




Fares4.0 out of 5 stars
Ù…Ù†Ø§Ø³Ø¨ Ù„Ù„Ø³Ø¹Ø± ÙˆØ¹Ù…Ù„ÙŠ
Reviewed in Egypt ğŸ‡ªğŸ‡¬ on 10 April 2022Verified Purchase
Ù…Ù†Ø§Ø³Ø¨ Ù„Ø³Ø¹Ø±Ù‡ ÙˆØ¹Ù…Ù„ÙŠ ÙˆÙŠÙ†ÙØ¹ Ù„Ù„Ø¬ÙŠÙ… ÙˆÙ„Ù„Ù…Ø´ÙŠ
Read more
2 people found this helpful

              Helpful


Report abuse
Translate review to English




Ahmed Hammad4.0 out of 5 stars
Ø®Ø§Ù…Ø© Ø¬ÙŠØ¯Ø©
Reviewed in Egypt ğŸ‡ªğŸ‡¬ on 13 December 2021Verified Purchase
Ø®Ø§Ù…Ø© Ø¬ÙŠØ¯Ø© ÙˆØ®ÙÙŠÙ ÙˆÙ…Ø±ÙŠØ­ Ø¨Ø³ Ù„Ù„Ø§Ø³Ù Ø·Ù„Ø¹ Ø§ÙƒØ¨Ø± Ù…Ù† Ø±Ø¬Ù„ÙŠ ÙØ±Ø§Ø¹Ùˆ Ø¯Ù‡ ÙˆØ§Ù†ØªÙˆ Ø¨ØªØ·Ù„Ø¨Ùˆ Ø§Ù† Ù…Ù‚Ø§Ø³ Ø§Ù„Ù†Ø¹Ù„ ÙƒØ¨ÙŠØ± Ù†Øµ Ù†Ù…Ø±Ø© Ø§Ùˆ Ù†Ù…Ø±Ø© ØªÙ‚Ø±ÙŠØ¨Ø§
Read more
4 people found this helpful

              Helpful


Report abuse
Translate review to English




Youssif nabil3284.0 out of 5 stars
Ø¬ÙŠØ¯ Ø¬Ø¯Ø§Ù‹ Ø¨Ø§Ù„Ù†Ø³Ø¨Ø© Ù„Ø³Ø¹Ø±Ù‡
Reviewed in Egypt ğŸ‡ªğŸ‡¬ on 25 December 2021Size: 41 EUColor: BlackVerified Purchase
Ø´ÙƒÙ„ Ø§Ù„Ù…Ù†ØªØ¬ Ø¬Ù…ÙŠÙ„ Ø¬Ø¯Ø§ Ù…Ø·Ø§Ø¨Ù‚ Ù„Ù„ØµÙˆØ± ÙˆÙ„ÙƒÙ† Ù…Ø´ Ù…Ø±ÙŠØ­ Ø£ÙˆÙŠ ÙÙŠ Ø§Ù„Ù…Ø´ÙŠ
Read more


              Helpful


Report abuse
Translate review to English




amr ebrahim4.0 out of 5 stars
Ø³Ø¹Ø±Ù‡ Ø­Ù„Ùˆ Ø¨Ø§Ù„Ù†Ø³Ø¨Ø© Ù„Ø´ÙƒÙ„Ù‡ Ùˆ Ø®Ø§Ù…ØªÙ‡
Reviewed in Egypt ğŸ‡ªğŸ‡¬ on 9 December 2021Verified Purchase
Ø´ÙŠÙƒ Ø¬Ø¯Ø§ Ùˆ Ø§Ù„Ø®Ø§Ù…Ø© Ù…Ø´ Ø§Ø­Ø³Ù† Ø­Ø§Ø¬Ù‡ Ø¨Ø³ ÙƒÙˆÙŠØ³Ø© Ø¬Ø¯Ø§ Ø¨Ø§Ù„Ù†Ø³Ø¨Ø© Ù„Ù„Ø³Ø¹Ø± .Ù…Ù†Ø§Ø³Ø¨ Ù„Ù„Ø£Ø³ØªØ¹Ù…Ø§Ù„ Ø§Ù„Ø®ÙÙŠÙ
Read more
2 people found this helpful

              Helpful


Report abuse
Translate review to EnglishSee all reviews


",2022-12-02,https://www.amazon.eg/-/en/Salerno-Two-Tone-Textile-Lace-Up-Fluidstreet/dp/B08WJMLWZY/ref=sr_1_54?keywords=shoes+mens&qid=1670004202&qu=eyJxc2MiOiIxMS4wNiIsInFzYSI6IjEwLjI0IiwicXNwIjoiOC4wOSJ9&sprefix=shoes%2Caps%2C602&sr=8-54
        Converse Navy Blue Fashion Sneakers For Men       ,"
  Price:  EGP1,449.00EGP1,449.00 - EGP1,699.00EGP1,699.00  







 





     All prices include VAT.     ","Customer Reviews4.5 out of 5 stars4.5 out of 5
            8,609 global ratings






            5 star
          












            
              73%
            
          







            4 star
          












            
              14%
            
          







            3 star
          












            
              5%
            
          







            2 star
          












            
              2%
            
          







            1 star
          












            
              6%
            
          







                How are ratings calculated?
            

                To calculate the overall star rating and percentage breakdown by star, we donâ€™t use a simple average. Instead, our system considers things like how recent a review is and if the reviewer bought the item on Amazon. It also analyses reviews to verify trustworthiness.
            












        Top reviews
      

        Most recent
      
Top reviews












  Top reviews from Egypt

Translate all reviews to English

There was a problem filtering reviews right now. Please try again later.Mohammed Nabil4.0 out of 5 stars
Original
Reviewed in Egypt on 6 November 2022Color: BlackSize: 43 EUVerified Purchase
nice fit with comfortable insole
Read more


              Helpful


Report abuse
Haneen5.0 out of 5 stars
Great
Reviewed in Egypt on 24 October 2022Color: Black & WhiteSize: 42 EUVerified Purchase
Very nice and good quality
Read more
One person found this helpful

              Helpful


Report abuse
Ahmed ali5.0 out of 5 stars
Best shoes ever
Reviewed in Egypt on 21 July 2022Color: Navy BlueSize: 45 EUVerified Purchase
Amazing qualityJust what youâ€™d expect from converseGreat buy, thanks
Read more
2 people found this helpful

              Helpful


Report abuse





Ahmed5.0 out of 5 stars
Ù…Ù…ØªØ§Ø²
Reviewed in Egypt on 13 June 2022Color: Black & WhiteSize: 45 EUVerified Purchase
Ø­Ø°Ø§Ø¡ Ù…Ù…ØªØ§Ø²
Read more


              Helpful


Report abuse
Translate review to EnglishAhmed amin1.0 out of 5 stars
Scuffed, washed and the colors are off, disgusting iam returning
Reviewed in Egypt on 11 July 2022Color: BlackSize: 45 EUVerified Purchase
Looked horribly used
Read more
One person found this helpful

              Helpful


Report abuse
Ebrahim Makam5.0 out of 5 stars
Review from Souq.com
Reviewed in Egypt on 21 March 2021Color: Black & WhiteSize: 41.5 EU
this is not original pairsthe size is wrongthe pairs are not similar
Read more
2 people found this helpful

              Helpful


Report abuse
Emad Hamdy Mohamed yousef1.0 out of 5 stars
Isnâ€™t original
Reviewed in Egypt on 8 December 2021Color: Navy BlueSize: 44 EUVerified Purchase
Its not original copy without box very very poor am not first time warning conv
Read more
7 people found this helpful

              Helpful


Report abuse





Ø¹Ø¨Ø¯Ø§Ù„Ù„Ù‡ Ø³Ø±ÙˆØ±1.0 out of 5 stars
Ø§Ù„ÙƒÙˆÙ†Ú¤Ø±Ø³ Ù…Ø´ Ø§ÙˆØ±ÙŠØ¬ÙŠÙ†Ø§Ù„ Ùˆ Ù…Ø­Ø¯Ø´ ÙŠØ´ØªØ±ÙŠÙ‡
Reviewed in Egypt on 19 December 2021Verified Purchase
Ø§Ù„ÙƒÙˆÙ†Ú¤Ø±Ø³ Ù…Ø´ Ø§ÙˆØ±ÙŠØ¬ÙŠÙ†Ø§Ù„ Ùˆ Ù…Ø­Ø¯Ø´ ÙŠØ´ØªØ±ÙŠÙ‡
Read more
15 people found this helpful

              Helpful


Report abuse
Translate review to EnglishSee all reviews






      
        
          Top reviews from other countries
        
        
      
    


Translate all reviews to English










Cliente Amazon3.0 out of 5 stars
La fotografÃ­a no es el producto que envÃ­a. Me llegaron mal terminadas.
Reviewed in Spain on 6 June 2019Color: Black & WhiteSize: 44 EUVerified Purchase
CorrecciÃ³n. He comprado las mismas en una tienda oficial. Resulta que el logo ya no tiene estrella en la O. AdemÃ¡s estÃ¡n las fabricadas en Vietnam, en Indonesia e incluso India. En China tambiÃ©n pero por lo visto esas son las de menos calidad. Lo mÃ¡s probable  es que fueran autÃ©nticas, pero mal acabadas. LengÃ¼eta mÃ¡s grande, ojales no centrados y tela sobresaliendo, goma de suela de menos calidad y peor terminada. Incluso la lona es distinta.Recomiendo las opiniones del vendedor gestionado por Amazon. El mÃ­o bajo sus valoraciones notablemente en el Ãºltimo mesLas zapatillas son no se corresponden con la foto, no son de la marca registrada converse a pesar de usar su logotipo y tratan de parecerse al producto autentico pero son obvias las diferencias. Igual lo hacen para que se considere imitaciÃ³n. La peor compra y experiencia como consumidor.
Read more
40 people found this helpful
Report abuse
Translate review to EnglishM. Belcher3.0 out of 5 stars
Nice but not very durable
Reviewed in the United Kingdom on 23 June 2018Color: Navy BlueSize: 41.5 EUVerified Purchase
Brought these for my son. The style is timeless and if you like it then great. He does and intact so do I. My complaint with Converse is that they basically only last a year with heavy wear, maybe two summers if you are lucky. Fine if someone else is paying! If you have had them before then this won't come as a surprise.
Read more
2 people found this helpful
Report abuse
ms_ling_695.0 out of 5 stars
Happy walking.
Reviewed in the United Kingdom on 4 January 2018Color: Black & WhiteSize: 44.5 EUVerified Purchase
I bought this for my son to replace a similar pair that had worn out. It arrived quickly in perfect condition and in a branded Converse box.Theyâ€™re made well with good rubberised soles and are comfortable to wear. My son loved his old pair which is why we had to replace it with â€˜like for likeâ€™ lol. Itâ€™ll see him through his many traipses to and from his uni.Weâ€™re both very happy with this purchase ğŸ˜Š
Read more

Report abuse
Pink fairy5.0 out of 5 stars
Excellent
Reviewed in the United Kingdom on 26 February 2022Color: Navy BlueSize: 41.5 EUVerified Purchase
I have these in many colours. Love them. Comfy. Go with most things.
Read more
One person found this helpful
Report abuse





Lord Helmchen 1.0 out of 5 stars
Keine Originalware
Reviewed in Germany on 2 April 2018Color: Black & WhiteSize: 42.5 EUVerified Purchase
Keine Originalware, auf der Innenseite der Sohle fehlt das R fÃ¼r Registered Trademark beim Converse Schriftzug. Schade das man darauf nicht hinweist. Die Sohle lÃ¶st sich, wenn man sich zu oft hinkniet (ich arbeite im Kindergarten) der Stoff bleicht weiterhin nach kurzer Zeit insbesondere an der Klebekante zwischen Ferse und Zehen aus, ohne das die Schuhe je in der Waschmaschine landeten. Kurzum einfach ein ziemlich billiges Imitat, im Prinzip sollte man Strafanzeige wegen Produktpiraterie erstatten. Tja und nach zwei Monaten und einer WÃ¤sche lÃ¶st sich die Sohle. Die Schuhe sind der letzte Ramsch, eigentlich sollte man Strafanzeige wegen Markenpiraterie und Betrug erstatten. Siehe Fotos, einmal hier bestellt, einmal im Converse Store!
Read more
43 people found this helpful
Report abuse
Translate review to EnglishSee all reviews





",2022-12-02,https://www.amazon.eg/-/en/Converse-Fashion-Sneakers-Men-Black/dp/B002OXKQIM/ref=sr_1_51?keywords=shoes+mens&qid=1670004202&qu=eyJxc2MiOiIxMS4wNiIsInFzYSI6IjEwLjI0IiwicXNwIjoiOC4wOSJ9&sprefix=shoes%2Caps%2C602&sr=8-51
        ASICS MEN'S SPORTSTYLE GEL-1090       ,"
  Price:  EGP1,659.00EGP1,659.00 - EGP2,249.00EGP2,249.00  







 





     All prices include VAT.     ","Customer Reviews4.3 out of 5 stars4.3 out of 5
            79 global ratings






            5 star
          












            
              66%
            
          







            4 star
          












            
              18%
            
          







            3 star
          












            
              6%
            
          







            2 star
          












            
              1%
            
          







            1 star
          












            
              7%
            
          







                How are ratings calculated?
            

                To calculate the overall star rating and percentage breakdown by star, we donâ€™t use a simple average. Instead, our system considers things like how recent a review is and if the reviewer bought the item on Amazon. It also analyses reviews to verify trustworthiness.
            












        Top reviews
      

        Most recent
      
Top reviews












  Top reviews from Egypt



    There are 0 reviews and 0 ratings from Egypt
  






      
        
          Top reviews from other countries
        
        
      
    


Translate all reviews to English





benchan5.0 out of 5 stars
An u me table pair of jogging shoes for around Â£30
Reviewed in the United Kingdom on 1 October 2021Size: 9Color: WHITE/WHITEVerified Purchase
For some inexplicable reasons Amazon had sent me the wrong size (half size too small). However this turned out to be a blessing as the pair actually fit my feet perfectly.I have always been a fan of ASICS since I was a kid living in Japan. It is good to see this brand of shoes getting the recognition they deserve, abroad these days.The gel cushioning in these shoes are excellent and have been wearing them for my daily 5k jog without any issues. The grip seems reasonably well as I have not slipped running up wet grassy hills yet.
Read more

Report abuse
MysteronMan4.0 out of 5 stars
Laces too short
Reviewed in the United Kingdom on 28 November 2021Size: 9Color: WHITE/WHITEVerified Purchase
Comfortable but the laces have been reduced in length to save money and are now only just enough to use- another 2cm would have made them easier to tie!
Read more

Report abuse
Prem shanker1.0 out of 5 stars
Totally fake
Reviewed in India on 18 October 2020Size: 11Color: WHITE/WHITEVerified Purchase
Totally cheap product  Even in a week sole is coming out of corners.Totallty waste of money.Not a genuine one . suggest every one to buy offline.  Sellers would die but not send genuine products.
Read more
4 people found this helpful
Report abuse
Ganesh Kumar2.0 out of 5 stars
Just for showcase
Reviewed in India on 17 October 2020Size: 10Color: WHITE/WHITEVerified Purchase
Not fit for running on difficult terrain. Sole used is Rubber Sole and AMPLIFOAM is not used. Cushioning while running is not possible as in case ASICS GEL CONTEND 5.
Read more
One person found this helpful
Report abuse





Andrea T.5.0 out of 5 stars
Buona scarpa
Reviewed in Italy on 6 February 2022Size: 9Color: WHITE/WHITEVerified Purchase
Acquisto sempre asics per la palestra. Ottimo prodotto. Questo modello perÃ² lâ€™ho dovuto cambiare perchÃ© calza piccolo
Read more

Report abuse
Translate review to EnglishSee all reviews





",2022-12-02,https://www.amazon.eg/-/en/ASICS-MENS-SPORTSTYLE-GEL-1090-WHITE/dp/B07SKHM34W/ref=sr_1_106?keywords=shoes+mens&qid=1670004895&qu=eyJxc2MiOiIxMS4wNiIsInFzYSI6IjEwLjI0IiwicXNwIjoiOC4wOSJ9&sprefix=shoes%2Caps%2C602&sr=8-106
        SKECHERS D'LUX WALKER - SPORTS Collection For MEN Color       ,"
  Price:  EGP2,609.00EGP2,609.00 - EGP3,409.00EGP3,409.00  







 





     All prices include VAT.     ","Customer Reviews4.2 out of 5 stars4.2 out of 5
            79 global ratings






            5 star
          












            
              62%
            
          







            4 star
          












            
              17%
            
          







            3 star
          












            
              8%
            
          







            2 star
          












            
              3%
            
          







            1 star
          












            
              10%
            
          







                How are ratings calculated?
            

                To calculate the overall star rating and percentage breakdown by star, we donâ€™t use a simple average. Instead, our system considers things like how recent a review is and if the reviewer bought the item on Amazon. It also analyses reviews to verify trustworthiness.
            












        Top reviews
      

        Most recent
      
Top reviews












  Top reviews from Egypt



    There are 0 reviews and 0 ratings from Egypt
  






      
        
          Top reviews from other countries
        
        
      
    


Translate all reviews to English





Mike1.0 out of 5 stars
Save your money
Reviewed in the United Kingdom on 25 July 2021Size: 44 EUColor: BLACK BLACKVerified Purchase
Fits great, very comfy but it's falling apart already. Several sections of the sole have come off and the stitching around the outside is fraying. They look cheap and old already and I've only had them 2 months.
Read more
One person found this helpful
Report abuse
Mr M.1.0 out of 5 stars
Sole already hole that i wear few times!!
Reviewed in the United Kingdom on 24 August 2022Size: 43 EUColor: BLACK BLACKVerified Purchase
Not impress to buy this shoe.. Only wear few times and got hole.. Been ask Skecher company to sort out the problem.. They said they cannot nothing only deal with Amazon but Amazon cannot help because the purchase is over a month!!
Read more

Report abuse
s brand5.0 out of 5 stars
Sturdy, very comfy and light.
Reviewed in the United Kingdom on 29 September 2021Size: 43 EUColor: BLACK BLACKVerified Purchase
Perfect for shop floor worker.
Read more

Report abuse
Lorne Jennings5.0 out of 5 stars
Most comfortable Shoe/sneaker that I have ever worn ğŸ‘
Reviewed in Canada on 3 September 2021Size: 43 EUColor: BLACK BLACKVerified Purchase
Softest padding/cushion  that I have ever worn. Fits so well and they are sooo light. You can wear them all day and hardly know they are on your feet.
Read more

Report abuse





Muri.line5.0 out of 5 stars
Liefertermin eingehalten,unkomplizierte kaufabwicklung,super sexy schuhe
Reviewed in Germany on 31 May 2022Size: 44 EUColor: BLACK BLACKVerified Purchase
Alles super.viel zu schade fÃ¼r meine streifengÃ¤nge im dienst.werde sie im alltag tragen und mir andere bestellen.Schuhe passen sehr gut (gr.44) und sind leicht.lieferung war frÃ¼her als erwartet.kann ich weiter empfehlen.
Read more

Report abuse
Translate review to EnglishSee all reviews





",2022-12-02,https://www.amazon.eg/-/en/SKECHERS-DLUX-WALKER-SPORTS-Collection/dp/B07YG1WXD4/ref=sr_1_103?keywords=men+shoes&qid=1670008321&qu=eyJxc2MiOiIxMS41NCIsInFzYSI6IjEwLjU1IiwicXNwIjoiOC4xNSJ9&s=fashion&sr=1-103
        Romba Sport Men's Shoes       ,"
  Price:  EGP189.00EGP189.00 - EGP199.00EGP199.00  







 





     All prices include VAT.     ","Customer Reviews2.9 out of 5 stars2.9 out of 5
            82 global ratings






            5 star
          












            
              26%
            
          







            4 star
          












            
              16%
            
          







            3 star
          












            
              16%
            
          







            2 star
          












            
              7%
            
          







            1 star
          












            
              34%
            
          







                How are ratings calculated?
            

                To calculate the overall star rating and percentage breakdown by star, we donâ€™t use a simple average. Instead, our system considers things like how recent a review is and if the reviewer bought the item on Amazon. It also analyses reviews to verify trustworthiness.
            












        Top reviews
      

        Most recent
      
Top reviews












  Top reviews from Egypt

Translate all reviews to English

There was a problem filtering reviews right now. Please try again later.




Ù…Ø­Ù…Ø¯ Ù….3.0 out of 5 stars
Ø§Ù„Ù…Ù†ØªØ¬ Ø¸Ø§Ù‡Ø±ÙŠØ§ ÙƒÙˆÙŠØ³
Reviewed in Egypt ğŸ‡ªğŸ‡¬ on 23 October 2022Size: 45Color: NavyVerified Purchase
Ø§Ù„ÙØ±Ø´ ØªØ¹Ø¨Ø§Ù†
Read more


              Helpful


Report abuse
Translate review to English




Hadeer3.0 out of 5 stars
ÙˆØ§Ù„Ù†Ø¹Ù„ Ù†Ø§Ø´Ù Ø§ÙˆÙ‰
Reviewed in Egypt ğŸ‡ªğŸ‡¬ on 14 October 2022Verified Purchase
Ø­Ù„Ùˆ ÙˆØ´ÙŠÙƒ Ø¨Ø³ Ù…Ù‚Ø§Ø³Ø§ØªÙ‡ ÙƒØ¨ÙŠØ±Ù‡
Read more


              Helpful


Report abuse
Translate review to English




Ø§Ø­Ù…Ø¯ Ø­Ù…Ø¯ÙŠ3.0 out of 5 stars
Ø§Ù„Ø®Ø§Ù…Ù‡ ÙˆØ­Ø´Ù‡ Ø¬Ø¯Ø§
Reviewed in Egypt ğŸ‡ªğŸ‡¬ on 6 June 2022Size: 42Color: WhiteVerified Purchase
Ø®Ø§Ù…Ù‡ Ø³ÙŠØ¦Ù‡ Ø¬Ø¯Ø§
Read more


              Helpful


Report abuse
Translate review to English




hishamonly4.0 out of 5 stars
ÙƒÙˆØªØ´Ù‰ Ø¬Ù…ÙŠÙ„
Reviewed in Egypt ğŸ‡ªğŸ‡¬ on 22 September 2022Size: 45Color: BlackVerified Purchase
Ù‡ÙˆÙ‡ ÙƒØªØµÙ†ÙŠØ¹ Ø§Ø®ØªÙ„Ù Ø¹Ù† Ø§Ù„Ù…ÙˆØ¯ÙŠÙ„Ø§Øª Ø§Ù„Ù„Ù‰ Ù†Ø²Ù„Øª Ø²Ù…Ø§Ù† Ù…Ù† Ù†ÙØ³ Ø§Ù„Ø´ÙƒÙ„ Ø¨Ø³ ØªØ­Ø³ Ù…Ø§ØªÙŠØ±ÙŠØ§Ù„ Ù…Ø®ØªÙ„ÙØ©..Ø¨Ø³ ÙÙ‰ Ø§Ù„Ù…Ø¬Ù…Ù„ Ø¬ÙŠØ¯ ÙˆØ´ÙŠÙƒ
Read more


              Helpful


Report abuse
Translate review to English




Ahmed Saied2.0 out of 5 stars
Ø¬ÙˆØ¯Ø© Ø³ÙŠØ¦Ø©
Reviewed in Egypt ğŸ‡ªğŸ‡¬ on 26 October 2022Size: 42Color: BlackVerified Purchase
Ø§Ù„Ø¬ÙˆØ¯Ø© Ù„ÙŠØ³Øª Ù…Ù‚Ø¨ÙˆÙ„Ø©
Read more


              Helpful


Report abuse
Translate review to English




Mohamed Sameh4.0 out of 5 stars
Ù‡ÙŠ Ø­Ù„ÙˆÙ‡ Ø¨Ø³ Ù…Ø´ Ù…Ù‚Ø§Ø³ÙŠ
Reviewed in Egypt ğŸ‡ªğŸ‡¬ on 15 September 2022Size: 42Color: WhiteVerified Purchase
Ø§Ù„Ù…Ù‚Ø§Ø³ ÙƒØ¨ÙŠØ± Ø¬Ø¯Ø§ Ø¨Ø§Ù„Ù†Ø³Ø¨Ù‡ Ù„42
Read more
One person found this helpful

              Helpful


Report abuse
Translate review to English




user-MSARBZ1.0 out of 5 stars
Ø³ÙŠØ¦
Reviewed in Egypt ğŸ‡ªğŸ‡¬ on 14 November 2022Size: 42Color: NavyVerified Purchase
Ø³ÙŠØ¦ Ø¬Ø¯Ø§ Ø¬Ø¯Ø§ ÙˆØ®ØªÙ…Ù‡ Ø¶Ø¹ÙŠÙÙ‡ ÙˆØ§Ù„Ø±Ø¨Ø§Ø· Ù‚ØµÙŠØ± ÙˆØ­Ù„Ù‚Ø§Øª Ø§Ù„Ø±Ø¨Ø§Ø· Ø·Ù„Ø¹Øª Ù…Ù† Ù…ÙƒØ§Ù†Ù‡Ø§ ÙÙŠ Ø§ÙˆÙ„ Ø§Ø³ØªØ®Ø¯Ø§Ù…
Read more


              Helpful


Report abuse
Translate review to English




Ø§Ù„Ù…Ø³ØªØ´Ø§Ø± Ø·.4.0 out of 5 stars
Ø¬ÙŠØ¯
Reviewed in Egypt ğŸ‡ªğŸ‡¬ on 13 July 2022Size: 45Color: BlackVerified Purchase
Ø³Ø¹Ø±ØºØ§Ù„Ù‰ Ø¨Ø§Ù„Ù†Ø³Ø¨Ù‡ Ù„Ù„Ø®Ø§Ù…Ø§Øª
Read more
One person found this helpful

              Helpful


Report abuse
Translate review to EnglishSee all reviews


",2022-12-02,https://www.amazon.eg/-/en/Romba-Sport-Mens-Shoes-Black/dp/B09SY7XMD1/ref=sr_1_101?keywords=men+shoes&qid=1670008321&qu=eyJxc2MiOiIxMS41NCIsInFzYSI6IjEwLjU1IiwicXNwIjoiOC4xNSJ9&s=fashion&sr=1-101
        Adidas TRAINER V       ,"
  Price:  EGP1,839.00EGP1,839.00 - EGP1,859.00EGP1,859.00  







 





     All prices include VAT.     ","Customer Reviews3.9 out of 5 stars3.9 out of 5
            57 global ratings






            5 star
          












            
              53%
            
          







            4 star
          












            
              18%
            
          







            3 star
          












            
              9%
            
          







            2 star
          












            
              3%
            
          







            1 star
          












            
              17%
            
          







                How are ratings calculated?
            

                To calculate the overall star rating and percentage breakdown by star, we donâ€™t use a simple average. Instead, our system considers things like how recent a review is and if the reviewer bought the item on Amazon. It also analyses reviews to verify trustworthiness.
            












        Top reviews
      

        Most recent
      
Top reviews












  Top review from Egypt

Translate all reviews to English

There was a problem filtering reviews right now. Please try again later.




Obay5.0 out of 5 stars
Ø§Ù„Ø­Ø°Ø§Ø¡ Ø¬ÙŠØ¯ ...  ÙˆÙ„ÙƒÙ† Ø§Ù„Ù‚ÙŠØ§Ø³ ØµØºÙŠØ± Ù‚Ù„ÙŠÙ„Ø¢
Reviewed in Egypt on 4 June 2022Verified Purchase
ØµØºÙŠØ± Ù‚Ù„ÙŠÙ„Ø¢ Ø¹Ù† Ø§Ù„Ù‚ÙŠØ§Ø³ Ø§Ù„Ù…Ø¹ØªØ§Ø¯
Read more


              Helpful


Report abuse
Translate review to EnglishSee all reviews






      
        
          Top reviews from other countries
        
        
      
    




Naveen m.1.0 out of 5 stars
Not fit
Reviewed in India on 21 June 2022Size: 39.5 EUColor: CBLACK/CBLACK/GUM3Verified Purchase
Checking
Read more
4 people found this helpful
Report abuse
Customer5.0 out of 5 stars
Excellent purchase
Reviewed in India on 4 April 2022Verified Purchase
Quality shoe with great discount.Thank you seller
Read more

Report abuse
Manish Kumar4.0 out of 5 stars
Pretty good
Reviewed in India on 13 September 2022Size: 38.5 EUColor: ORBGRN/CARBON/TURBOVerified Purchase
Looks comfortable but I was expecting bit low in weight nd flexibility is not there. And of course color is bit different shown in image.
Read more

Report abuse
Emmanuel Xavier4.0 out of 5 stars
Stitch came out
Reviewed in India on 25 August 2022Size: 43 1/3 EUColor: core blackVerified Purchase
Used the shoes for 3 to 4 times, now I can see a stitch which came out as per the pic. But the over all quality is really good.
Read more

Report abuse
Amazon Customer1.0 out of 5 stars
Worst product I received
Reviewed in India on 8 September 2022Size: 43 1/3 EUColor: core blackVerified Purchase
Â Product got damaged in one month only
Read more

Report abuse
See all reviews





",2022-12-02,https://www.amazon.eg/-/en/Adidas-TRAINER-GX0728-RUNNING-black/dp/B096NCNHHX/ref=sr_1_123?keywords=men+shoes&qid=1670008321&qu=eyJxc2MiOiIxMS41NCIsInFzYSI6IjEwLjU1IiwicXNwIjoiOC4xNSJ9&s=fashion&sr=1-123
        adidas LITE RACER ADAPT 4.0 Men's       ,"
  Price: EGP1,479.00EGP1,479.00 







 





     All prices include VAT.     ","Customer Reviews4.3 out of 5 stars4.3 out of 5
            52 global ratings






            5 star
          












            
              55%
            
          







            4 star
          












            
              25%
            
          







            3 star
          












            
              14%
            
          







            2 star
          












            
              3%
            
          







            1 star
          












            
              3%
            
          







                How are ratings calculated?
            

                To calculate the overall star rating and percentage breakdown by star, we donâ€™t use a simple average. Instead, our system considers things like how recent a review is and if the reviewer bought the item on Amazon. It also analyses reviews to verify trustworthiness.
            












        Top reviews
      

        Most recent
      
Top reviews












  Top review from Egypt

Translate all reviews to English

There was a problem filtering reviews right now. Please try again later.




mostafa ghandour3.0 out of 5 stars
Ø§Ù„Ù…Ù†ØªØ¬ Ø¬ÙŠØ¯ Ø¹Ø¯Ø§ ÙØªØ­Ø© Ø¯Ø®ÙˆÙ„ Ø§Ù„Ù‚Ø¯Ù… Ø¶ÙŠÙ‚Ø© Ø¬Ø¯Ø§
Reviewed in Egypt ğŸ‡ªğŸ‡¬ on 28 November 2022Size: 45 1/3 EUColor: GREFIV/GRESIX/GREFOU
Ø§Ù„Ø­Ø°Ø§Ø¡ Ù…Ù…ØªØ§Ø² ÙˆÙ„Ø§ ÙŠØ¹ÙŠØ¨Ø© Ø§Ù„Ø§ Ø¶ÙŠÙ‚ ÙØªØ­Ø© Ø¯Ø®ÙˆÙ„ Ø§Ù„Ù‚Ø¯Ù… ÙˆØªØ¶Ø·Ø± Ù„Ù„Ø¬Ù„ÙˆØ³ ÙˆØ§Ù„Ø´Ø¯ Ø¨Ù‚ÙˆØ© Ù„ØªØªÙ…ÙƒÙ† Ù…Ù† Ø§Ø±ØªØ¯Ø§Ø¤Ù‡
Read more
One person found this helpful

              Helpful


Report abuse
Translate review to EnglishSee all reviews






      
        
          Top reviews from other countries
        
        
      
    


Translate all reviews to English










ã‚†ã¿ã“ã‚ã‚Šã‚“ã€‚3.0 out of 5 stars
å±¥ãã‚„ã™ãã€ãƒ‡ã‚¶ã‚¤ãƒ³ãŒæ°—ã«å…¥ã‚Šã¾ã—ãŸã€‚
Reviewed in Japan ğŸ‡¯ğŸ‡µ on 17 November 2022Verified Purchase
é«˜æ ¡ç”Ÿã®æ¯å­ã®ãŸã‚ã«è³¼å…¥ã€‚ãƒ‡ã‚¶ã‚¤ãƒ³ã¯åŒã˜ã§ã€ã‚µã‚¤ã‚ºã‚¢ã‚¦ãƒˆã§ãƒªãƒ”ãƒ¼ãƒˆ3å›ç›®ã§ã™ã€‚ãŒã€ä»Šå›ã¯æ—©ãé´ã®ä¸­æ•·ããŒå–ã‚Œã¾ã—ãŸã€‚27.5ã‚»ãƒ³ãƒã§ã‚µã‚¤ã‚ºãŒå¤§ãã„ã‹ã‚‰ã‹ã€é´ã®ä¸­æ•·ããŒåŠåˆ†ã§ãã‚Œã¦ã¾ã™ã€‚ãã‚ŒãŒé´åº•ã«ãã£ã¤ã‘ã‚‰ã‚Œã¦ã‚‹æ„Ÿã˜ã€‚ãã®å‰ã®ã»ã†ãŒå‰¥ãŒã‚Œã¾ã—ãŸã€‚å±¥ãæ–¹ã‹ã‚‚ã—ã‚Œã¾ã›ã‚“ãŒã€3å€‹ã‚ã®ä»Šå›ã¯1ãƒ¶æœˆã»ã©ã§ã¨ã‚Œã¦ã—ã¾ã„ã€ã–ã‚“ã­ã‚“ã§ã—ãŸã€‚åˆ¥ã®ä¸­æ•·ãã‚’è³¼å…¥ã—ã€ã¯ã„ã¦ã¾ã™ã€‚
Read more
One person found this helpful
Report abuse
Translate review to English




ã¿ã‚“ã¿ã‚“//2.0 out of 5 stars
ä»Šå›ã¯ãƒã‚ºãƒ¬
Reviewed in Japan ğŸ‡¯ğŸ‡µ on 28 July 2022Verified Purchase
ä»¥å‰ã¯è‰²é•ã„ã‚’å±¥ã„ã¦ã„ã¦ã€åãã‚„ã™ã‹ã£ãŸã®ã§ã¾ãŸè³¼å…¥ã€‚ãŸã ä»Šå›ã¯å·¦å³ã§ã‚´ãƒ éƒ¨åˆ†ã®ä½œã‚Šï¼Ÿç· ã‚ä»˜ã‘å…·åˆãŒé•ã„è¦‹ãŸç›®ã«ã‚‚å°‘ã—å·¦å³ã‚¢ãƒ³ãƒãƒ©ãƒ³ã‚¹ã§ã—ãŸâ€¦ã€‚ã‚ã‚“ã©ãã•ãã¦ãã®ã¾ã¾å±¥ã„ã¦ã¾ã™ãŒã€‚3è¶³ç›®ã‚’è‰²é•ã„ã§è²·ã†ãã‚‰ã„ã«ã¯æ°—ã«å…¥ã£ã¦ã¾ã™ï¼
Read more
One person found this helpful
Report abuse
Translate review to English




ã‹ãª5.0 out of 5 stars
å¯æ„›ã„
Reviewed in Japan ğŸ‡¯ğŸ‡µ on 24 September 2022Verified Purchase
ã‚µã‚¤ã‚ºã¯ã™ã“ã—ã€‚ãã¤ã‚ï¼ŸãŸã¶ã‚“ç´ãªã„ã¶ã‚“ãã¤ãæ„Ÿã˜ã¾ã™ãŒã€è„±ã’ãªã„ã€‚è»½ã„ã€‚å‹•ãã‚„ã™ã„ã€‚
Read more

Report abuse
Translate review to English




èˆ¬è‹¥ã€€å¤ªéƒ5.0 out of 5 stars
å°‘ã—ã‚µã‚¤ã‚ºã¯å°ã•ã„
Reviewed in Japan ğŸ‡¯ğŸ‡µ on 26 October 2022Verified Purchase
ã‚µã‚¤ã‚ºãŒå°‘ã—å°ã•ã„ã®ã§1cmä½å¤§ãã‚ãªã‚µã‚¤ã‚ºãŒè‰¯ã„ã‹ã¨æ€ã„ã¾ã™ã€‚
Read more

Report abuse
Translate review to English




ã‚¤ãƒ³ã‚¹ãƒˆãƒ¼ãƒ«å‡ºæ¥ãªã„5.0 out of 5 stars
å‡„ã„æ¥½ã¡ã‚“
Reviewed in Japan ğŸ‡¯ğŸ‡µ on 19 June 2022Verified Purchase
ã‚¹ãƒƒã¨å±¥ã‘ã¦ã‚¹ãƒƒã¨è„±ã’ã‚‹ã€‚ã‚µãƒ³ãƒ€ãƒ«ã ã¨ã¡ã‚‡ã£ã¨ã£ã¦å ´é¢ã§å±¥ã„ã¦ã„ã‘ã‚‹ã®ã§1è¶³ã¯ã‚‚ã£ã¦ç½®ããŸã„å“ç‰©ã ã¨æ€ã„ã¾ã™ã€‚
Read more

Report abuse
Translate review to EnglishSee all reviews





",2022-12-02,https://www.amazon.eg/-/en/adidas-RACER-GREFIV-GRESIX-GREFOU/dp/B09N3M5DSN/ref=sr_1_139?keywords=men+shoes&qid=1670008321&qu=eyJxc2MiOiIxMS41NCIsInFzYSI6IjEwLjU1IiwicXNwIjoiOC4xNSJ9&s=fashion&sr=1-139
        Vans Old Skool Laced Up For Men       ,"
  Price:  EGP2,199.00EGP2,199.00 - EGP2,629.00EGP2,629.00  







 





     All prices include VAT.     ","Customer Reviews4.7 out of 5 stars4.7 out of 5
            496 global ratings






            5 star
          












            
              84%
            
          







            4 star
          












            
              8%
            
          







            3 star
          












            
              3%
            
          







            2 star
          












            
              1%
            
          







            1 star
          












            
              5%
            
          







                How are ratings calculated?
            

                To calculate the overall star rating and percentage breakdown by star, we donâ€™t use a simple average. Instead, our system considers things like how recent a review is and if the reviewer bought the item on Amazon. It also analyses reviews to verify trustworthiness.
            












        Top reviews
      

        Most recent
      
Top reviews












  Top reviews from Egypt



    There are 0 reviews and 0 ratings from Egypt
  






      
        
          Top reviews from other countries
        
        
      
    




Ashley Johnson5.0 out of 5 stars
I don't skate, if I did they'd be good for that too.
Reviewed in the United Kingdom on 27 August 2017Size: 44.5 EUColor: BlackVerified Purchase
Great shoes, comfortable, wear them for work. They wanted me wearing black shoes, dress shoes are hella uncomfy. These are great and don't annoy my boss.I don't skate, if I did they'd be good for that too.
Read more
One person found this helpful
Report abuse
Amazon Customer5.0 out of 5 stars
Great shoes
Reviewed in the United Kingdom on 30 March 2019Size: 41.5 EUColor: BlackVerified Purchase
Great shoes at a fair price. Well made and good quality as expected from Vans
Read more

Report abuse
JungleShopper4.0 out of 5 stars
Four Stars
Reviewed in the United Kingdom on 24 July 2018Size: 45 EUColor: BlackVerified Purchase
Well made and very comfortable, I just wish the soles were a bit thicker.
Read more

Report abuse
s lloyd5.0 out of 5 stars
Durable and looks good
Reviewed in the United Kingdom on 19 November 2019Size: 42.5 EUColor: Black and WhiteVerified Purchase
Great shoes, I've had the same pair for about 2 years now and they are my fav
Read more

Report abuse
Papito4.0 out of 5 stars
Good
Reviewed in the United Kingdom on 23 July 2019Size: 40.5 EUColor: BlackVerified Purchase
Good
Read more

Report abuse
See all reviews





",2022-12-02,https://www.amazon.eg/-/en/Vans-Old-Skool-Laced-Black/dp/B01MXF6F5H/ref=sr_1_142?keywords=men+shoes&qid=1670008321&qu=eyJxc2MiOiIxMS41NCIsInFzYSI6IjEwLjU1IiwicXNwIjoiOC4xNSJ9&s=fashion&sr=1-142
"        Skechers Mens Go Walk 6 Motley, Color:       ","
  Price:  EGP2,239.00EGP2,239.00 - EGP2,979.00EGP2,979.00  







 





     All prices include VAT.     ","Customer Reviews4.5 out of 5 stars4.5 out of 5
            589 global ratings






            5 star
          












            
              70%
            
          







            4 star
          












            
              19%
            
          







            3 star
          












            
              7%
            
          







            2 star
          












            
              2%
            
          







            1 star
          












            
              3%
            
          







                How are ratings calculated?
            

                To calculate the overall star rating and percentage breakdown by star, we donâ€™t use a simple average. Instead, our system considers things like how recent a review is and if the reviewer bought the item on Amazon. It also analyses reviews to verify trustworthiness.
            












        Top reviews
      

        Most recent
      
Top reviews












  Top review from Egypt

Translate all reviews to English

There was a problem filtering reviews right now. Please try again later.




ÙŠØ³Ø±ÙŠ Ø§.1.0 out of 5 stars
Ù…Ù…ØªØ§Ø² Ù„ÙƒÙ†
Reviewed in Egypt on 14 July 2022Size: 43 EUColor: NavyVerified Purchase
Ø§Ù„Ù…Ù‚Ø§Ø³ Ù…Ø®ØªÙ„Ù
Read more
One person found this helpful

              Helpful


Report abuse
Translate review to EnglishSee all reviews






      
        
          Top reviews from other countries
        
        
      
    




GW SW1.0 out of 5 stars
Too small
Reviewed in the United Kingdom on 22 November 2021Verified Purchase
My husband likes these for nipping into the garden and needed a replacement pair. These were way too small yet ordered the usual size. Had to return
Read more
5 people found this helpful
Report abuse
A Smile and a Wave4.0 out of 5 stars
Great to wear as house-shoes
Reviewed in the United Kingdom on 9 December 2021Size: 45.5 EUColor: BlackVerified Purchase
I bought these Skechers to wear as house-shoes. Most of our home has hard floors and I was finding that standard slippers didn't offer enough cushioning, so I have been using these instead. They fit well, with enough room  in the front even for my relatively wide feet and the sizing is as I had hoped. They are quite well made too, and I like the level of support that they offer underfoot.
Read more
2 people found this helpful
Report abuse
Miss Alison Hobbs1.0 out of 5 stars
Not like the quality sketchers I usually buy
Reviewed in the United Kingdom on 12 September 2022Verified Purchase
I usually buy size 8.5 sketchers trainers. I am used to the quality feel of Sketchers. I bought a size 9 of these as there was no 8.5 option.  The sole was plastic-like and slippery. The opening  where you put your foot through had no give at all, so was painful to put on shoes even though these are bigger than what I usually buy.  They do not feel at all like the quality I expect from Skechers. I wouldn't waste money on these.  The cheap price lured me in but I regret purchasing these.  I'll be sending them back. I can't understand how there are so many positive reviews.
Read more

Report abuse
Sketcher5.0 out of 5 stars
Very comfortable, not sure how long they'll last
Reviewed in the United Kingdom on 1 November 2022Verified Purchase
I bought these for work, which means being on my feet about 8h per day. They were very comfortable immediately with no break in period. after about 14 work days, a hole has formed in the inside padding, which is probably to be expected, although my previous similar skechers (style 232047) lasted longer before anything went wrong.
Read more
One person found this helpful
Report abuse
Andy Helman4.0 out of 5 stars
They're slip-on Skechers
Reviewed in the United Kingdom on 13 September 2022Size: 45.5 EUColor: BlackVerified Purchase
If you're new to Skechers, they're not cheap but they fit well.They're very comfortable, lightweight and reasonably long lasting.They can be washed in the washing machine and are generally practical in most situations.If you're not new to Skechers, you already know all this.
Read more
One person found this helpful
Report abuse
See all reviews





",2022-12-02,https://www.amazon.eg/-/en/Skechers-Mens-Walk-Motley-Color/dp/B08S7R1KDQ/ref=sr_1_148?keywords=men+shoes&qid=1670008321&qu=eyJxc2MiOiIxMS41NCIsInFzYSI6IjEwLjU1IiwicXNwIjoiOC4xNSJ9&s=fashion&sr=1-148
"        Skechers Mens Uno Stand on Air Sneakers Shoes, Color:       ","
  Price: EGP2,979.00EGP2,979.00 







 





     All prices include VAT.     ","Customer Reviews4.6 out of 5 stars4.6 out of 5
            1,468 global ratings






            5 star
          












            
              77%
            
          







            4 star
          












            
              14%
            
          







            3 star
          












            
              4%
            
          







            2 star
          












            
              2%
            
          







            1 star
          












            
              3%
            
          







                How are ratings calculated?
            

                To calculate the overall star rating and percentage breakdown by star, we donâ€™t use a simple average. Instead, our system considers things like how recent a review is and if the reviewer bought the item on Amazon. It also analyses reviews to verify trustworthiness.
            












        Top reviews
      

        Most recent
      
Top reviews












  Top reviews from Egypt

Translate all reviews to English

There was a problem filtering reviews right now. Please try again later.Ø¹Ù…Ø± Ù…Ø­Ù…Ø¯5.0 out of 5 stars
sold by amazon : original and premium quality
Reviewed in Egypt ğŸ‡ªğŸ‡¬ on 27 November 2022Size: 43 EUColor: Dared RedVerified Purchase
very well fitted and good price
Read more


              Helpful


Report abuse
Mohamed Samir5.0 out of 5 stars
Good shoe's
Reviewed in Egypt ğŸ‡ªğŸ‡¬ on 24 July 2022Size: 43 EUColor: White Navy RedVerified Purchase
Thanks I like it
Read more


              Helpful


Report abuse





Ahmed5.0 out of 5 stars
Ù…Ø±ÙŠØ­
Reviewed in Egypt ğŸ‡ªğŸ‡¬ on 5 September 2022Size: 45 EUColor: Dared RedVerified Purchase
Ù…Ø±ÙŠØ­
Read more


              Helpful


Report abuse
Translate review to EnglishSee all reviews






      
        
          Top reviews from other countries
        
        
      
    


Translate all reviews to English





markfreeman5.0 out of 5 stars
Walking on air
Reviewed in the United Kingdom ğŸ‡¬ğŸ‡§ on 17 September 2019Verified Purchase
After wearing my previous sketchers out and hsving plantar fasciitis I was looking for something comfortable but with the required support. I tried these in store but they didnt have my size. Ordered on Amazon and arrived prompt and feel amazing.
Read more
9 people found this helpful
Report abuse





Pier Luigi4.0 out of 5 stars
ideale per questa stagione
Reviewed in Italy ğŸ‡®ğŸ‡¹ on 2 January 2022Verified Purchase
Per essere una scarpa autunno inverno la trovo leggera e confortevole anche da nuova.Ho fortunatamente preso 1/2 numero in piÃ¹ perchÃ¨ ho il piede largo e la scarpa tende a fasciare un po' stretto, va benissimo, molto limitato il periodo di rodaggio  e adesso anche i 10.000 passi su asfalto non mi affaticano i piedi.Non ridete per le distanza magari breve ma io ho  80 anni.Ho qualche dubbio sulla durata del battistrada, non  sono tasselli importanti  e  mi sembrano destinati ad una vita non troppo lunga rispetto a scarpe da ginnastica di altra marca famosa che  uso in estate.Se dureranno il giusto le ricomprerÃ².
Read more
15 people found this helpful
Report abuse
Translate review to Englishsean davies5.0 out of 5 stars
You wonâ€™t find more comfortable!
Reviewed in the United Kingdom ğŸ‡¬ğŸ‡§ on 13 November 2021Verified Purchase
I was in two minds about these as the price is fairly high however, you wonâ€™t find a more comfortable â€˜trainerâ€™ as we know it, then these! These are more comfortable then my Nike running shoes which I thought was at the top anyway! Amazing buy
Read more
One person found this helpful
Report abuse
Andrew Dean5.0 out of 5 stars
Lightweight and Comfortable
Reviewed in the United Kingdom ğŸ‡¬ğŸ‡§ on 6 October 2022Verified Purchase
My wife wears these for work as a nurse and is on her feet most of the day. These are the most comfortable trainers she has ever worn and are the only shoes she will wear for work.
Read more
One person found this helpful
Report abuse
xxx5.0 out of 5 stars
Comfortable and stylish
Reviewed in the United Kingdom ğŸ‡¬ğŸ‡§ on 3 August 2021Size: 45 EUColor: White Navy RedVerified Purchase
I saw these trainers and was immediately taken by their stylish looks, having purchased other Skechers products I knew that these trainers would be comfortable and these did not disappoint. I have worn these trainers for several comfortable hours and as a result, went out and bought another pair. I am really happy with this purchase.
Read more

Report abuse
See all reviews





",2022-12-02, https://www.amazon.eg/-/en/Skechers-Stand-Sneakers-Shoes-Color/dp/B07W72RM1Y/ref=sr_1_150?keywords=men%2Bshoes&qid=1670008809&qu=eyJxc2MiOiIxMS41NCIsInFzYSI6IjEwLjU1IiwicXNwIjoiOC4xNSJ9&s=fashion&sr=1-150&th=1
        SPORT Fashion Sneakers For Men       ,"
  Price: EGP199.00EGP199.00 







 





     All prices include VAT.     ","Customer Reviews2.9 out of 5 stars2.9 out of 5
            446 global ratings






            5 star
          












            
              29%
            
          







            4 star
          












            
              13%
            
          







            3 star
          












            
              15%
            
          







            2 star
          












            
              5%
            
          







            1 star
          












            
              37%
            
          







                How are ratings calculated?
            

                To calculate the overall star rating and percentage breakdown by star, we donâ€™t use a simple average. Instead, our system considers things like how recent a review is and if the reviewer bought the item on Amazon. It also analyses reviews to verify trustworthiness.
            












        Top reviews
      

        Most recent
      
Top reviews












  Top reviews from Egypt

Translate all reviews to English

There was a problem filtering reviews right now. Please try again later.




Saleh Elwy3.0 out of 5 stars
Ø§Ù„Ø¬ÙˆØ¯Ø© Ù„ÙŠØ³Øª Ø¹Ù„ÙŠ Ù…ÙŠØ±Ø§Ù…
Reviewed in Egypt ğŸ‡ªğŸ‡¬ on 26 November 2022Verified Purchase
Ù…Ù…ØªØ§Ø² ÙˆÙ„ÙƒÙ† Ù†Ø¹Ù„Ù‡ Ù†Ø§Ø´Ù Ø¬Ø¯Ø§..
Read more


              Helpful


Report abuse
Translate review to English




Hakim3.0 out of 5 stars
Ù…Ø¹Ù‚ÙˆÙ„ Ø¨Ø§Ù„Ù†Ø³Ø¨Ù‡ Ù„Ù„Ø³Ø¹Ø±
Reviewed in Egypt ğŸ‡ªğŸ‡¬ on 26 September 2022Color: blackSize: 44 EUVerified Purchase
Ù…Ù†Ø§Ø³Ø¨
Read more
One person found this helpful

              Helpful


Report abuse
Translate review to English




ØµÙ„Ø§Ø­ Ø§.3.0 out of 5 stars
Ø§ÙƒØ¨Ø± Ù…Ù† Ø§Ù„Ù…Ø¹ØªØ§Ø¯
Reviewed in Egypt ğŸ‡ªğŸ‡¬ on 12 June 2022Verified Purchase
Ø§ÙƒØ¨Ø± Ù…Ù† Ø§Ù„Ù…Ø¹ØªØ§Ø¯
Read more
3 people found this helpful

              Helpful


Report abuse
Translate review to English




BADAWY Abu ismail 2.0 out of 5 stars
Ù…Ù…ÙŠØ²Ø§Øª Ø§Ù„Ù…Ù†ØªØ¬ ÙˆØ¹ÙŠÙˆØ¨Ù‡
Reviewed in Egypt ğŸ‡ªğŸ‡¬ on 6 November 2022Verified Purchase
Ø§Ù„Ù…Ù†ØªØ¬ ÙƒØ§ Ø´ÙƒÙ„ Ù…Ù…ØªØ§Ø²Ù„Ø§ÙƒÙ†Ù‡ ØºÙŠØ± Ø¹Ù…Ù„ÙŠ ÙˆÙ…Ø¹Ø±Ø¶ Ù„ØªØ´Ù‚Ù‚ ÙˆØ§Ù„ØªÙ‚Ø´ÙŠØ±ÙˆØ§Ù„Ù†Ø¹Ù„ Ø¨ØªØ§Ø¹Ù‡ Ù†Ø§Ø´Ù ØºÙŠØ± Ù…Ø±Ù†
Read more


              Helpful


Report abuse
Translate review to English




Ø¹Ø¨Ø¯ Ø§Ù„Ù„Ù‡4.0 out of 5 stars
Ø¬ÙŠØ¯
Reviewed in Egypt ğŸ‡ªğŸ‡¬ on 21 May 2022Verified Purchase
Ø¬ÙŠØ¯
Read more
4 people found this helpful

              Helpful


Report abuse
Translate review to English




Ahmad Esam3.0 out of 5 stars
Ø¬ÙˆØ¯Ø© Ù…ØªÙˆØ³Ø·Ø© Ù…Ù‚Ø§Ø¨Ù„ Ø§Ù„Ø³Ø¹Ø±
Reviewed in Egypt ğŸ‡ªğŸ‡¬ on 18 December 2021Color: BlueSize: 42 EUVerified Purchase
Ø§Ù„ÙØ±Ø¯Ù‡ Ø§Ù„ÙŠÙ…ÙŠÙ† ÙŠØªØ¶Ø§ÙŠÙ‚ ÙÙŠ Ø¹Ø¶Ù…Ø© Ø§Ù„ÙƒØ§Ø­Ù„Ø§Ù„ÙƒÙˆØªØ´ Ù†Ø§Ø´Ù Ø´ÙˆÙŠØ© ÙˆÙ…Ø´ Ù…Ø±Ù† Ù…Ø¹ Ø­Ø±ÙƒØ© Ø±Ø¬Ù„ÙƒÙ„ÙƒÙ† ÙÙŠ Ø§Ù„Ù…Ø¬Ù…Ù„ Ø³Ø¹Ø± ÙƒÙˆÙŠØ³ ÙˆØ£Ø¯Ø§Ø¡ Ù…ØªÙˆØ³Ø·
Read more
7 people found this helpful

              Helpful


Report abuse
Translate review to English




Yohanna2.0 out of 5 stars
Ù…Ø§ØªÙŠØ±ÙŠØ§Ù„ ØºÙŠØ± Ø¬ÙŠØ¯Ø© ÙˆØ¨ÙŠÙ„Ù… ØªØ±Ø§Ø¨ ÙƒØªÙŠØ± Ø¬Ø¯Ø§Ù‹
Reviewed in Egypt ğŸ‡ªğŸ‡¬ on 2 July 2022Color: blackSize: 43 EUVerified Purchase
Ø§Ù„Ù…Ù‚Ø§Ø³Ø§Øª ØºÙŠØ± Ù…Ø¹Ø¨Ø±Ø© ÙˆØ¨ÙŠÙ„Ù… ØªØ±Ø§Ø¨ ÙƒØªÙŠØ±
Read more
One person found this helpful

              Helpful


Report abuse
Translate review to English




eslam gamal4.0 out of 5 stars
Ø®Ø§Ù…ØªÙ‡ Ø¬Ù…ÙŠÙ„Ù‡ Ø¬Ø¯Ø§
Reviewed in Egypt ğŸ‡ªğŸ‡¬ on 28 October 2021Color: blackSize: 43 EUVerified Purchase
Ø¬Ù…ÙŠÙ„ Ø¬Ø¯Ø§ ÙˆØ®Ø§Ù…ØªÙ‡ ÙÙˆÙ‚ Ø§Ù„Ù…ØªÙˆÙ‚Ø¹
Read more
One person found this helpful

              Helpful


Report abuse
Translate review to EnglishSee all reviews


",2022-12-02,https://www.amazon.eg/-/en/SPORT-Fashion-Sneakers-Men-Black/dp/B091K6NSGK/ref=sr_1_163?keywords=men+shoes&qid=1670009015&qu=eyJxc2MiOiIxMS41NCIsInFzYSI6IjEwLjU1IiwicXNwIjoiOC4xNSJ9&s=fashion&sr=1-163
        Salerno Mesh Contrast Lining       ,"
  Price: EGP139.00EGP139.00 







 





     All prices include VAT.     ","Customer Reviews3.6 out of 5 stars3.6 out of 5
            105 global ratings






            5 star
          












            
              41%
            
          







            4 star
          












            
              17%
            
          







            3 star
          












            
              17%
            
          







            2 star
          












            
              9%
            
          







            1 star
          












            
              15%
            
          







                How are ratings calculated?
            

                To calculate the overall star rating and percentage breakdown by star, we donâ€™t use a simple average. Instead, our system considers things like how recent a review is and if the reviewer bought the item on Amazon. It also analyses reviews to verify trustworthiness.
            












        Top reviews
      

        Most recent
      
Top reviews












  Top reviews from Egypt

Translate all reviews to English

There was a problem filtering reviews right now. Please try again later.




Ù…Ø­Ù…ÙˆØ¯ Ù…Ø­Ù…Ø¯5.0 out of 5 stars
Ù…Ù…ØªØ§Ø²
Reviewed in Egypt on 9 October 2022Size: 42 EUColor: BlueVerified Purchase
Ù…Ù‚Ø§Ø³ ÙƒÙˆÙŠØ³ ÙˆØ¹Ù…Ù„ÙŠ
Read more


              Helpful


Report abuse
Translate review to English




Ahmed khamis ali4.0 out of 5 stars
Ø®ÙÙŠÙ ÙˆÙ…Ø±ÙŠØ­
Reviewed in Egypt on 7 June 2022Size: 42 EUColor: BlueVerified Purchase
Ø®ÙÙŠÙ ÙˆÙ…Ø±ÙŠØ­
Read more


              Helpful


Report abuse
Translate review to English




ABDOOO3.0 out of 5 stars
Ø§Ù„Ù…Ù†ØªØ¬ Ø¬Ù…ÙŠÙ„ Ùˆ Ø­Ù„Ùˆ ÙˆÙ„ÙƒÙ† ÙŠØ®Ù„ÙŠ Ù‚Ø¯Ù…ÙŠ ØªØ¹Ø±Ù‚ Ø¨ÙŠ ÙƒØ´Ù„ ÙƒØ¨ÙŠØ± ÙƒØ¨ÙŠØ± ÙƒØ¨ÙŠØ±  ÙƒØ¨ÙŠØ±
Reviewed in Egypt on 13 October 2021Size: 41 EUColor: BlackVerified Purchase
Ø§Ù„Ù…Ù†ØªØ¬ Ø¬Ù…ÙŠÙ„ Ùˆ Ø­Ù„Ùˆ ÙˆÙ„ÙƒÙ† ÙŠØ®Ù„ÙŠ Ù‚Ø¯Ù…ÙŠ ØªØ¹Ø±Ù‚ Ø¨ÙŠ ÙƒØ´Ù„ ÙƒØ¨ÙŠØ± ÙƒØ¨ÙŠØ± ÙƒØ¨ÙŠØ±  ÙƒØ¨ÙŠØ±Ø§Ù„Ù…Ù†ØªØ¬ Ø¬Ù…ÙŠÙ„ Ùˆ Ø­Ù„Ùˆ ÙˆÙ„ÙƒÙ† ÙŠØ®Ù„ÙŠ Ù‚Ø¯Ù…ÙŠ ØªØ¹Ø±Ù‚ Ø¨ÙŠ ÙƒØ´Ù„ ÙƒØ¨ÙŠØ± ÙƒØ¨ÙŠØ± ÙƒØ¨ÙŠØ±  ÙƒØ¨ÙŠØ±Ø§Ù„Ù…Ù†ØªØ¬ Ø¬Ù…ÙŠÙ„ Ùˆ Ø­Ù„Ùˆ ÙˆÙ„ÙƒÙ† ÙŠØ®Ù„ÙŠ Ù‚Ø¯Ù…ÙŠ ØªØ¹Ø±Ù‚ Ø¨ÙŠ ÙƒØ´Ù„ ÙƒØ¨ÙŠØ± ÙƒØ¨ÙŠØ± ÙƒØ¨ÙŠØ±  ÙƒØ¨ÙŠØ±Ø§Ù„Ù…Ù†ØªØ¬ Ø¬Ù…ÙŠÙ„ Ùˆ Ø­Ù„Ùˆ ÙˆÙ„ÙƒÙ† ÙŠØ®Ù„ÙŠ Ù‚Ø¯Ù…ÙŠ ØªØ¹Ø±Ù‚ Ø¨ÙŠ ÙƒØ´Ù„ ÙƒØ¨ÙŠØ± ÙƒØ¨ÙŠØ± ÙƒØ¨ÙŠØ±  ÙƒØ¨ÙŠØ±Ø§Ù„Ù…Ù†ØªØ¬ Ø¬Ù…ÙŠÙ„ Ùˆ Ø­Ù„Ùˆ ÙˆÙ„ÙƒÙ† ÙŠØ®Ù„ÙŠ Ù‚Ø¯Ù…ÙŠ ØªØ¹Ø±Ù‚ Ø¨ÙŠ ÙƒØ´Ù„ ÙƒØ¨ÙŠØ± ÙƒØ¨ÙŠØ± ÙƒØ¨ÙŠØ±  ÙƒØ¨ÙŠØ±Ø§Ù„Ù…Ù†ØªØ¬ Ø¬Ù…ÙŠÙ„ Ùˆ Ø­Ù„Ùˆ ÙˆÙ„ÙƒÙ† ÙŠØ®Ù„ÙŠ Ù‚Ø¯Ù…ÙŠ ØªØ¹Ø±Ù‚ Ø¨ÙŠ ÙƒØ´Ù„ ÙƒØ¨ÙŠØ± ÙƒØ¨ÙŠØ± ÙƒØ¨ÙŠØ±  ÙƒØ¨ÙŠØ±
Read more
3 people found this helpful

              Helpful


Report abuse
Translate review to English




Ahmed Mohamed3.0 out of 5 stars
Ø®ÙÙŠÙ Ø¬Ø¯Ø§
Reviewed in Egypt on 30 May 2022Verified Purchase
Ù…Ù‚Ø§Ø±Ù†Ù‡ Ø¨Ø§Ù„Ø³Ø¹Ø± Ø§Ù„Ø®Ø§Ù…Ù‡ Ù…Ø¹Ù‚ÙˆÙ„Ù‡
Read more


              Helpful


Report abuse
Translate review to English




Ø¹Ø¨Ø¯  Ø§Ù„Ù„Ù‡ Ø³Ù…ÙŠØ±4.0 out of 5 stars
Ø§Ù„Ù…Ù†ØªØ¬ Ø¬ÙŠØ¯ ÙˆÙƒÙ…Ø§ Ø¨Ø§Ù„ÙˆØµÙ
Reviewed in Egypt on 20 March 2022Size: 43 EUColor: BlueVerified Purchase
Ø®Ù…Ø§Øª Ø¬ÙŠØ¯Ù‡ Ø¨Ø§Ù„Ù†Ø³Ø¨Ù‡ Ù„Ù„Ø³Ø¹Ø± Ø§Ø´ØªØ±ÙŠØªÙ‡ Ø¨49Ø¬Ù†ÙŠÙ‡ Ù…ØµØ±Ù‰
Read more


              Helpful


Report abuse
Translate review to English




Ø¹Ù…Ø±Ùˆ ÙŠÙˆØ³Ù4.0 out of 5 stars
Ø­Ù„Ùˆ Ø¬Ø¯Ø§
Reviewed in Egypt on 17 October 2021Size: 44 EUColor: GreyVerified Purchase
Ø­Ù„Ùˆ Ø¬Ø¯Ø§ Ø¨Ø³ Ø¹Ø§ÙŠØ² Ø®Ø±ÙˆØ¬Ø§ØªÙ…Ø´ Ø¹Ø§ÙŠØ² Ø´ØºÙ„ ÙˆØ®Ø±ÙˆØ¬ Ø¨ÙŠÙ‡ ÙƒÙ„ ÙŠÙˆÙ…
Read more


              Helpful


Report abuse
Translate review to EnglishMo'men Baligh4.0 out of 5 stars
Very good quality.
Reviewed in Egypt on 1 December 2021Size: 42 EUColor: BlueVerified Purchase
Very good quality and color.
Read more
2 people found this helpful

              Helpful


Report abuse





Ù…Ø­Ù…Ø¯Ø§Ø­Ù…Ø¯ ØµØ¯ÙŠÙ‚5.0 out of 5 stars
Ø®Ù…Ø§Øª Ø¬ÙŠØ¯Ù‡ Ø¬Ø¯Ø§
Reviewed in Egypt on 7 July 2022Verified Purchase
Ø®Ù…Ø§Øª Ø¬ÙŠØ¯Ù‡ Ø¬Ø¯Ø§
Read more


              Helpful


Report abuse
Translate review to EnglishSee all reviews


",2022-12-02,https://www.amazon.eg/-/en/Salerno-Contrast-Lace-Up-Fashion-Sneakers/dp/B08WJPRWQM/ref=sr_1_177?keywords=men+shoes&qid=1670009015&qu=eyJxc2MiOiIxMS41NCIsInFzYSI6IjEwLjU1IiwicXNwIjoiOC4xNSJ9&s=fashion&sr=1-177
